编号,宝可梦,注释,Hp,攻击,防御,特攻,特防,速度,属性1,属性2,特性1,特性2,隐藏特性
1,妙蛙种子,,45,49,49,65,65,45,草,毒,茂盛,the same,叶绿素
2,妙蛙草,,60,62,63,80,80,60,草,毒,茂盛,the same,叶绿素
3,妙蛙花,,80,82,83,100,100,80,草,毒,茂盛,the same,叶绿素
3,妙蛙花,超级妙蛙花,80,100,123,122,120,80,草,毒,厚脂肪,the same,the same
4,小火龙,,39,52,43,60,50,65,火,,猛火,the same,太阳之力
5,火恐龙,,58,64,58,80,65,80,火,,猛火,the same,太阳之力
6,喷火龙,,78,84,78,109,85,100,火,飞行,猛火,the same,太阳之力
6,喷火龙,超级喷火龙Ｘ,78,130,111,130,85,100,火,龙,硬爪,the same,the same
6,喷火龙,超级喷火龙Ｙ,78,104,78,159,115,100,火,飞行,日照,the same,the same
7,杰尼龟,,44,48,65,50,64,43,水,,激流,the same,雨盘
8,卡咪龟,,59,63,80,65,80,58,水,,激流,the same,雨盘
9,水箭龟,,79,83,100,85,105,78,水,,激流,the same,雨盘
9,水箭龟,超级水箭龟,79,103,120,135,115,78,水,,超级发射器,the same,the same
10,绿毛虫,,45,30,35,20,20,45,虫,,鳞粉,the same,逃跑
11,铁甲蛹,,50,20,55,25,25,30,虫,,蜕皮,the same,the same
12,巴大蝶,,60,45,50,90,80,70,虫,飞行,复眼,the same,有色眼镜
13,独角虫,,40,35,30,20,20,50,虫,毒,鳞粉,the same,逃跑
14,铁壳蛹,,45,25,50,25,25,35,虫,毒,蜕皮,the same,the same
15,大针蜂,,65,90,40,45,80,75,虫,毒,虫之预感,the same,狙击手
15,大针蜂,超级大针蜂,65,150,40,15,80,145,虫,毒,适应力,the same,the same
16,波波,,40,45,40,35,35,56,一般,飞行,锐利目光,蹒跚,健壮胸肌
17,比比鸟,,63,60,55,50,50,71,一般,飞行,锐利目光,蹒跚,健壮胸肌
18,大比鸟,,83,80,75,70,70,101,一般,飞行,锐利目光,蹒跚,健壮胸肌
18,大比鸟,超级大比鸟,83,80,80,135,80,121,一般,飞行,无防守,the same,the same
19,小拉达,,30,56,35,25,35,72,一般,,逃跑,毅力,活力
19,小拉达,阿罗拉的样子,30,56,55,25,35,72,恶,一般,贪吃鬼,活力,厚脂肪
20,拉达,,55,81,60,50,70,97,一般,,逃跑,毅力,活力
20,拉达,阿罗拉的样子,75,71,70,40,80,77,恶,一般,贪吃鬼,活力,厚脂肪
21,烈雀,,40,60,30,31,31,70,一般,飞行,锐利目光,the same,狙击手
22,大嘴雀,,65,90,65,61,61,100,一般,飞行,锐利目光,the same,狙击手
23,阿柏蛇,,35,60,44,40,54,55,毒,,威吓,蜕皮,紧张感
24,阿柏怪,,60,95,69,65,79,80,毒,,威吓,蜕皮,紧张感
25,皮卡丘,,35,55,40,50,50,90,电,,静电,the same,避雷针
26,雷丘,,60,90,55,90,80,110,电,,静电,the same,避雷针
26,雷丘,阿罗拉的样子,60,90,55,90,80,110,电,超能力,冲浪之尾,the same,the same
27,穿山鼠,,50,75,85,20,30,40,地面,,沙隐,the same,拨沙
27,穿山鼠,阿罗拉的样子,50,75,90,10,35,40,冰,钢,雪隐,the same,拨雪
28,穿山王,,75,100,110,45,55,65,地面,,沙隐,the same,拨沙
28,穿山王,阿罗拉的样子,75,100,120,25,65,65,冰,钢,雪隐,the same,拨雪
29,尼多兰,,55,47,52,40,40,41,毒,,毒刺,斗争心,活力
30,尼多娜,,70,62,67,55,55,56,毒,,毒刺,斗争心,活力
31,尼多后,,90,92,87,75,85,76,毒,地面,毒刺,斗争心,强行
32,尼多朗,,46,57,40,40,40,50,毒,,毒刺,斗争心,活力
33,尼多力诺,,61,72,57,55,55,65,毒,,毒刺,斗争心,活力
34,尼多王,,81,102,77,85,75,85,毒,地面,毒刺,斗争心,强行
35,皮皮,,70,45,48,60,65,35,妖精,,迷人之躯,魔法防守,友情防守
36,皮可西,,95,70,73,95,90,60,妖精,,迷人之躯,魔法防守,纯朴
37,六尾,,38,41,40,50,65,65,火,,引火,the same,日照
37,六尾,阿罗拉的样子,38,41,40,50,65,65,冰,,雪隐,the same,降雪
38,九尾,,73,76,75,81,100,100,火,,引火,the same,日照
38,九尾,阿罗拉的样子,73,67,75,81,100,109,冰,妖精,雪隐,the same,降雪
39,胖丁,,115,45,20,45,25,20,一般,妖精,迷人之躯,好胜,友情防守
40,胖可丁,,140,70,45,85,50,45,一般,妖精,迷人之躯,好胜,察觉
41,超音蝠,,40,45,35,30,40,55,毒,飞行,精神力,the same,穿透
42,大嘴蝠,,75,80,70,65,75,90,毒,飞行,精神力,the same,穿透
43,走路草,,45,50,55,75,65,30,草,毒,叶绿素,the same,逃跑
44,臭臭花,,60,65,70,85,75,40,草,毒,叶绿素,the same,恶臭
45,霸王花,,75,80,85,110,90,50,草,毒,叶绿素,the same,孢子
46,派拉斯,,35,70,55,45,55,25,虫,草,孢子,干燥皮肤,湿气
47,派拉斯特,,60,95,80,60,80,30,虫,草,孢子,干燥皮肤,湿气
48,毛球,,60,55,50,40,55,45,虫,毒,复眼,有色眼镜,逃跑
49,摩鲁蛾,,70,65,60,90,75,90,虫,毒,鳞粉,有色眼镜,奇迹皮肤
50,地鼠,,10,55,25,35,45,95,地面,,沙隐,沙穴,沙之力
50,地鼠,阿罗拉的样子,10,55,30,35,45,90,地面,,沙隐,沙穴,沙之力
51,三地鼠,,35,100,50,50,70,120,地面,钢,沙隐,卷发,沙之力
51,三地鼠,阿罗拉的样子,35,100,60,50,70,110,地面,钢,沙隐,卷发,沙之力
52,喵喵,,40,45,35,40,40,90,一般,,捡拾,技术高手,紧张感
52,喵喵,阿罗拉的样子,40,35,35,50,40,90,恶,,捡拾,技术高手,胆怯
52,喵喵,伽勒尔的样子,50,65,55,40,40,40,钢,,捡拾,硬爪,紧张感
53,猫老大,,65,70,60,65,65,115,一般,,柔软,技术高手,紧张感
53,猫老大,阿罗拉的样子,65,60,60,75,65,115,恶,,毛皮大衣,技术高手,胆怯
54,可达鸭,,50,52,48,65,50,55,水,,湿气,无关天气,悠游自如
55,哥达鸭,,80,82,78,95,80,85,水,,湿气,无关天气,悠游自如
56,猴怪,,40,80,35,35,45,70,格斗,,干劲,愤怒穴位,不服输
57,火爆猴,,65,105,60,60,70,95,格斗,,干劲,愤怒穴位,不服输
58,卡蒂狗,,55,70,45,70,50,60,火,,威吓,引火,正义之心
59,风速狗,,90,110,80,100,80,95,火,,威吓,引火,正义之心
60,蚊香蝌蚪,,40,50,40,40,40,90,水,,储水,湿气,悠游自如
61,蚊香君,,65,65,65,50,50,90,水,,储水,湿气,悠游自如
62,蚊香泳士,,90,95,95,70,90,70,水,格斗,储水,湿气,悠游自如
63,凯西,,25,20,15,105,55,90,超能力,,同步,精神力,魔法防守
64,勇基拉,,40,35,30,120,70,105,超能力,,同步,精神力,魔法防守
65,胡地,,55,50,45,135,95,120,超能力,,同步,精神力,魔法防守
65,胡地,超级胡地,55,50,65,175,105,150,超能力,,复制,the same,the same
66,腕力,,70,80,50,35,35,35,格斗,,毅力,无防守,不屈之心
67,豪力,,80,100,70,50,60,45,格斗,,毅力,无防守,不屈之心
68,怪力,,90,130,80,65,85,55,格斗,,毅力,无防守,不屈之心
69,喇叭芽,,50,75,35,70,30,40,草,毒,叶绿素,the same,贪吃鬼
70,口呆花,,65,90,50,85,45,55,草,毒,叶绿素,the same,贪吃鬼
71,大食花,,80,105,65,100,70,70,草,毒,叶绿素,the same,贪吃鬼
72,玛瑙水母,,40,40,35,50,100,70,水,毒,恒净之躯,污泥浆,雨盘
73,毒刺水母,,80,70,65,80,120,100,水,毒,恒净之躯,污泥浆,雨盘
74,小拳石,,40,80,100,30,30,20,岩石,地面,坚硬脑袋,结实,沙隐
74,小拳石,阿罗拉的样子,40,80,100,30,30,20,岩石,电,磁力,结实,电气皮肤
75,隆隆石,,55,95,115,45,45,35,岩石,地面,坚硬脑袋,结实,沙隐
75,隆隆石,阿罗拉的样子,55,95,115,45,45,35,岩石,电,磁力,结实,电气皮肤
76,隆隆岩,,80,120,130,55,65,45,岩石,地面,坚硬脑袋,结实,沙隐
76,隆隆岩,阿罗拉的样子,80,120,130,55,65,45,岩石,电,磁力,结实,电气皮肤
77,小火马,,50,85,55,65,65,90,火,,逃跑,引火,火焰之躯
77,小火马,伽勒尔的样子,50,85,55,65,65,90,超能力,,逃跑,粉彩护幕,危险预知
78,烈焰马,,65,100,70,80,80,105,火,,逃跑,引火,火焰之躯
78,烈焰马,伽勒尔的样子,65,100,70,80,80,105,超能力,妖精,逃跑,粉彩护幕,危险预知
79,呆呆兽,,90,65,65,40,40,15,水,超能力,迟钝,我行我素,再生力
79,呆呆兽,伽勒尔的样子,90,65,65,40,40,15,超能力,,贪吃鬼,我行我素,再生力
80,呆壳兽,,95,75,110,100,80,30,水,超能力,迟钝,我行我素,再生力
80,呆壳兽,超级呆壳兽,95,75,180,130,80,30,水,超能力,硬壳盔甲,the same,硬壳盔甲
81,小磁怪,,25,35,70,95,55,45,电,钢,磁力,结实,分析
82,三合一磁怪,,50,60,95,120,70,70,电,钢,磁力,结实,分析
83,大葱鸭,,52,90,55,58,62,60,一般,飞行,锐利目光,精神力,不服输
83,大葱鸭,伽勒尔的样子,52,95,55,58,62,55,格斗,,不屈之心,the same,胆量
84,嘟嘟,,35,85,45,35,35,75,一般,飞行,逃跑,早起,蹒跚
85,嘟嘟利,,60,110,70,60,60,110,一般,飞行,逃跑,早起,蹒跚
86,小海狮,,65,45,55,45,70,45,水,,厚脂肪,湿润之躯,冰冻之躯
87,白海狮,,90,70,80,70,95,70,水,冰,厚脂肪,湿润之躯,冰冻之躯
88,臭泥,,80,80,50,40,50,25,毒,,恶臭,黏着,毒手
88,臭泥,阿罗拉的样子,80,80,50,40,50,25,毒,恶,毒手,贪吃鬼,化学之力
89,臭臭泥,,105,105,75,65,100,50,毒,,恶臭,黏着,毒手
89,臭臭泥,阿罗拉的样子,105,105,75,65,100,50,毒,恶,毒手,贪吃鬼,化学之力
90,大舌贝,,30,65,100,45,25,40,水,,硬壳盔甲,连续攻击,防尘
91,刺甲贝,,50,95,180,85,45,70,水,冰,硬壳盔甲,连续攻击,防尘
92,鬼斯,,30,35,30,100,35,80,幽灵,毒,飘浮,the same,the same
93,鬼斯通,,45,50,45,115,55,95,幽灵,毒,飘浮,the same,the same
94,耿鬼,,60,65,60,130,75,110,幽灵,毒,诅咒之躯,the same,the same
94,耿鬼,超级耿鬼,60,65,80,170,95,130,幽灵,毒,踩影,the same,the same
95,大岩蛇,,35,45,160,30,45,70,岩石,地面,坚硬脑袋,结实,碎裂铠甲
96,催眠貘,,60,48,45,43,90,42,超能力,,不眠,预知梦,精神力
97,引梦貘人,,85,73,70,73,115,67,超能力,,不眠,预知梦,精神力
98,大钳蟹,,30,105,90,25,25,50,水,,怪力钳,硬壳盔甲,强行
99,巨钳蟹,,55,130,115,50,50,75,水,,怪力钳,硬壳盔甲,强行
100,霹雳电球,,40,30,50,55,55,100,电,,隔音,静电,引爆
101,顽皮雷弹,,60,50,70,80,80,150,电,,隔音,静电,引爆
102,蛋蛋,,60,40,80,60,45,40,草,超能力,叶绿素,the same,收获
103,椰蛋树,,95,95,85,125,75,55,草,超能力,叶绿素,the same,收获
103,椰蛋树,阿罗拉的样子,95,105,85,125,75,45,草,龙,察觉,the same,收获
104,卡拉卡拉,,50,50,95,40,50,35,地面,,坚硬脑袋,避雷针,战斗盔甲
105,嘎啦嘎啦,,60,80,110,50,80,45,地面,,坚硬脑袋,避雷针,战斗盔甲
105,嘎啦嘎啦,阿罗拉的样子,60,80,110,50,80,45,火,幽灵,诅咒之躯,避雷针,坚硬脑袋
106,飞腿郎,,50,120,53,35,110,87,格斗,,柔软,舍身,轻装
107,快拳郎,,50,105,79,35,110,76,格斗,,锐利目光,铁拳,精神力
108,大舌头,,90,55,75,60,75,30,一般,,我行我素,迟钝,无关天气
109,瓦斯弹,,40,65,95,60,45,35,毒,,飘浮,化学变化气体,恶臭
110,双弹瓦斯,,65,90,120,85,70,60,毒,,飘浮,化学变化气体,恶臭
110,双弹瓦斯,伽勒尔的样子,65,90,120,85,70,60,毒,妖精,飘浮,化学变化气体,薄雾制造者
111,独角犀牛,,80,85,95,30,30,25,地面,岩石,避雷针,坚硬脑袋,舍身
112,钻角犀兽,,105,130,120,45,45,40,地面,岩石,避雷针,坚硬脑袋,舍身
113,吉利蛋,,250,5,5,35,105,50,一般,,自然回复,天恩,治愈之心
114,蔓藤怪,,65,55,115,100,40,60,草,,叶绿素,叶子防守,再生力
115,袋兽,,105,95,80,40,80,90,一般,,早起,胆量,精神力
115,袋兽,超级袋兽,105,125,100,60,100,100,一般,,亲子爱,the same,the same
116,墨海马,,30,40,70,70,25,60,水,,悠游自如,狙击手,湿气
117,海刺龙,,55,65,95,95,45,85,水,,毒刺,狙击手,湿气
118,角金鱼,,45,67,60,35,50,63,水,,悠游自如,水幕,避雷针
119,金鱼王,,80,92,65,65,80,68,水,,悠游自如,水幕,避雷针
120,海星星,,30,45,55,70,55,85,水,,发光,自然回复,分析
121,宝石海星,,60,75,85,100,85,115,水,超能力,发光,自然回复,分析
122,魔墙人偶,,40,45,65,100,120,90,超能力,妖精,隔音,过滤,技术高手
122,魔墙人偶,伽勒尔的样子,50,65,65,90,90,100,冰,超能力,干劲,除障,冰冻之躯
123,飞天螳螂,,70,110,80,55,80,105,虫,飞行,虫之预感,技术高手,不屈之心
124,迷唇姐,,65,50,35,115,95,95,冰,超能力,迟钝,预知梦,干燥皮肤
125,电击兽,,65,83,57,95,85,105,电,,静电,the same,干劲
126,鸭嘴火兽,,65,95,57,100,85,93,火,,火焰之躯,the same,干劲
127,凯罗斯,,65,125,100,55,70,85,虫,,怪力钳,破格,自信过度
127,凯罗斯,超级凯罗斯,65,155,120,65,90,105,虫,飞行,飞行皮肤,the same,the same
128,肯泰罗,,75,100,95,40,70,110,一般,,威吓,愤怒穴位,强行
129,鲤鱼王,,20,10,55,15,20,80,水,,悠游自如,the same,胆怯
130,暴鲤龙,,95,125,79,60,100,81,水,飞行,威吓,the same,自信过度
130,暴鲤龙,超级暴鲤龙,95,155,109,70,130,81,水,恶,破格,the same,the same
131,拉普拉斯,,130,85,80,85,95,60,水,冰,储水,硬壳盔甲,湿润之躯
132,百变怪,,48,48,48,48,48,48,一般,,柔软,the same,变身者
133,伊布,,55,55,50,45,65,55,一般,,逃跑,适应力,危险预知
134,水伊布,,130,65,60,110,95,65,水,,储水,the same,湿润之躯
135,雷伊布,,65,65,60,110,95,130,电,,蓄电,the same,飞毛腿
136,火伊布,,65,130,60,95,110,65,火,,引火,the same,毅力
137,多边兽,,65,60,70,85,75,40,一般,,复制,下载,分析
138,菊石兽,,35,40,100,90,55,35,岩石,水,悠游自如,硬壳盔甲,碎裂铠甲
139,多刺菊石兽,,70,60,125,115,70,55,岩石,水,悠游自如,硬壳盔甲,碎裂铠甲
140,化石盔,,30,80,90,55,45,55,岩石,水,悠游自如,战斗盔甲,碎裂铠甲
141,镰刀盔,,60,115,105,65,70,80,岩石,水,悠游自如,战斗盔甲,碎裂铠甲
142,化石翼龙,,80,105,65,60,75,130,岩石,飞行,坚硬脑袋,压迫感,紧张感
142,化石翼龙,超级化石翼龙,80,135,85,70,95,150,岩石,飞行,硬爪,the same,the same
143,卡比兽,,160,110,65,65,110,30,一般,,免疫,厚脂肪,贪吃鬼
144,急冻鸟,,90,85,100,95,125,85,冰,飞行,压迫感,the same,雪隐
145,闪电鸟,,90,90,85,125,90,100,电,飞行,压迫感,the same,静电
146,火焰鸟,,90,100,90,125,85,90,火,飞行,压迫感,the same,火焰之躯
147,迷你龙,,41,64,45,50,50,50,龙,,蜕皮,the same,神奇鳞片
148,哈克龙,,61,84,65,70,70,70,龙,,蜕皮,the same,神奇鳞片
149,快龙,,91,134,95,100,100,80,龙,飞行,精神力,the same,多重鳞片
150,超梦,,106,110,90,154,90,130,超能力,,压迫感,the same,紧张感
150,超梦,超级超梦Ｘ,106,190,100,154,100,130,超能力,格斗,不屈之心,the same,the same
150,超梦,超级超梦Ｙ,106,150,70,194,120,140,超能力,,不眠,the same,the same
151,梦幻,,100,100,100,100,100,100,超能力,,同步,the same,the same
152,菊草叶,,45,49,65,49,65,45,草,,茂盛,the same,叶子防守
153,月桂叶,,60,62,80,63,80,60,草,,茂盛,the same,叶子防守
154,大竺葵,,80,82,100,83,100,80,草,,茂盛,the same,叶子防守
155,火球鼠,,39,52,43,60,50,65,火,,猛火,the same,引火
156,火岩鼠,,58,64,58,80,65,80,火,,猛火,the same,引火
157,火暴兽,,78,84,78,109,85,100,火,,猛火,the same,引火
158,小锯鳄,,50,65,64,44,48,43,水,,激流,the same,强行
159,蓝鳄,,65,80,80,59,63,58,水,,激流,the same,强行
160,大力鳄,,85,105,100,79,83,78,水,,激流,the same,强行
161,尾立,,35,46,34,35,45,20,一般,,逃跑,锐利目光,察觉
162,大尾立,,85,76,64,45,55,90,一般,,逃跑,锐利目光,察觉
163,咕咕,,60,30,30,36,56,50,一般,飞行,不眠,锐利目光,有色眼镜
164,猫头夜鹰,,100,50,50,86,96,70,一般,飞行,不眠,锐利目光,有色眼镜
165,芭瓢虫,,40,20,30,40,80,55,虫,飞行,虫之预感,早起,胆怯
166,安瓢虫,,55,35,50,55,110,85,虫,飞行,虫之预感,早起,铁拳
167,圆丝蛛,,40,60,40,40,40,30,虫,毒,虫之预感,不眠,狙击手
168,阿利多斯,,70,90,70,60,70,40,虫,毒,虫之预感,不眠,狙击手
169,叉字蝠,,85,90,80,70,80,130,毒,飞行,精神力,the same,穿透
170,灯笼鱼,,75,38,38,56,56,67,水,电,蓄电,发光,储水
171,电灯怪,,125,58,58,76,76,67,水,电,蓄电,发光,储水
172,皮丘,,20,40,15,35,35,60,电,,静电,the same,避雷针
173,皮宝宝,,50,25,28,45,55,15,妖精,,迷人之躯,魔法防守,友情防守
174,宝宝丁,,90,30,15,40,20,15,一般,妖精,迷人之躯,好胜,友情防守
175,波克比,,35,20,65,40,65,20,妖精,,活力,天恩,超幸运
176,波克基古,,55,40,85,80,105,40,妖精,飞行,活力,天恩,超幸运
177,天然雀,,40,50,45,70,45,70,超能力,飞行,同步,早起,魔法镜
178,天然鸟,,65,75,70,95,70,95,超能力,飞行,同步,早起,魔法镜
179,咩利羊,,55,40,40,65,45,35,电,,静电,the same,正电
180,茸茸羊,,70,55,55,80,60,45,电,,静电,the same,正电
181,电龙,,90,75,85,115,90,55,电,,静电,the same,正电
181,电龙,超级电龙,90,95,105,165,110,45,电,龙,破格,the same,the same
182,美丽花,,75,80,95,90,100,50,草,,叶绿素,the same,治愈之心
183,玛力露,,70,20,50,20,50,40,水,妖精,厚脂肪,大力士,食草
184,玛力露丽,,100,50,80,60,80,50,水,妖精,厚脂肪,大力士,食草
185,树才怪,,70,100,115,30,65,30,岩石,,结实,坚硬脑袋,胆怯
186,蚊香蛙皇,,90,75,75,90,100,70,水,,储水,湿气,降雨
187,毽子草,,35,35,40,35,55,50,草,飞行,叶绿素,叶子防守,穿透
188,毽子花,,55,45,50,45,65,80,草,飞行,叶绿素,叶子防守,穿透
189,毽子棉,,75,55,70,55,95,110,草,飞行,叶绿素,叶子防守,穿透
190,长尾怪手,,55,70,55,40,55,85,一般,,逃跑,捡拾,连续攻击
191,向日种子,,30,30,30,30,30,30,草,,叶绿素,太阳之力,早起
192,向日花怪,,75,75,55,105,85,30,草,,叶绿素,太阳之力,早起
193,蜻蜻蜓,,65,65,45,75,45,95,虫,飞行,加速,复眼,察觉
194,乌波,,55,45,45,25,25,15,水,地面,湿气,储水,纯朴
195,沼王,,95,85,85,65,65,35,水,地面,湿气,储水,纯朴
196,太阳伊布,,65,65,60,130,95,110,超能力,,同步,the same,魔法镜
197,月亮伊布,,95,65,110,60,130,65,恶,,同步,the same,精神力
198,黑暗鸦,,60,85,42,85,42,91,恶,飞行,不眠,超幸运,恶作剧之心
199,呆呆王,,95,75,80,100,110,30,水,超能力,迟钝,我行我素,再生力
200,梦妖,,60,60,60,85,85,85,幽灵,,飘浮,the same,the same
201,未知图腾,,48,72,48,72,48,48,超能力,,飘浮,the same,the same
202,果然翁,,190,33,58,33,58,33,超能力,,踩影,the same,心灵感应
203,麒麟奇,,70,80,65,90,65,85,一般,超能力,精神力,早起,食草
204,榛果球,,50,65,90,35,35,15,虫,,结实,the same,防尘
205,佛烈托斯,,75,90,140,60,60,40,虫,钢,结实,the same,防尘
206,土龙弟弟,,100,70,70,65,65,45,一般,,天恩,逃跑,胆怯
207,天蝎,,65,75,105,35,65,85,地面,飞行,怪力钳,沙隐,免疫
208,大钢蛇,,75,85,200,55,65,30,钢,地面,坚硬脑袋,结实,强行
208,大钢蛇,超级大钢蛇,75,125,230,55,95,30,钢,地面,沙之力,the same,the same
209,布鲁,,60,80,50,40,40,30,妖精,,威吓,逃跑,胆怯
210,布鲁皇,,90,120,75,60,60,45,妖精,,威吓,飞毛腿,胆怯
211,千针鱼,,65,95,85,55,55,85,水,毒,毒刺,悠游自如,威吓
212,巨钳螳螂,,70,130,100,55,80,65,虫,钢,虫之预感,技术高手,轻金属
212,巨钳螳螂,超级巨钳螳螂,70,150,140,65,100,75,虫,钢,技术高手,the same,the same
213,壶壶,,20,10,230,10,230,5,虫,岩石,结实,贪吃鬼,唱反调
214,赫拉克罗斯,,80,125,75,40,95,85,虫,格斗,虫之预感,毅力,自信过度
214,赫拉克罗斯,超级赫拉克罗斯,80,185,115,40,105,75,虫,格斗,连续攻击,the same,the same
215,狃拉,,55,95,55,35,75,115,恶,冰,精神力,锐利目光,顺手牵羊
216,熊宝宝,,60,80,50,50,50,40,一般,,捡拾,飞毛腿,采蜜
217,圈圈熊,,90,130,75,75,75,55,一般,,毅力,飞毛腿,紧张感
218,熔岩虫,,40,40,40,70,40,20,火,,熔岩铠甲,火焰之躯,碎裂铠甲
219,熔岩蜗牛,,60,50,120,90,80,30,火,岩石,熔岩铠甲,火焰之躯,碎裂铠甲
220,小山猪,,50,50,40,30,30,50,冰,地面,迟钝,雪隐,厚脂肪
221,长毛猪,,100,100,80,60,60,50,冰,地面,迟钝,雪隐,厚脂肪
222,太阳珊瑚,,65,55,95,65,95,35,水,岩石,活力,自然回复,再生力
222,太阳珊瑚,伽勒尔的样子,60,55,100,65,100,30,幽灵,,碎裂铠甲,the same,诅咒之躯
223,铁炮鱼,,35,65,35,65,35,65,水,,活力,狙击手,心情不定
224,章鱼桶,,75,105,75,105,75,45,水,,吸盘,狙击手,心情不定
225,信使鸟,,45,55,45,65,45,75,冰,飞行,干劲,活力,不眠
226,巨翅飞鱼,,85,40,70,80,140,70,水,飞行,悠游自如,储水,水幕
227,盔甲鸟,,65,80,140,40,70,70,钢,飞行,锐利目光,结实,碎裂铠甲
228,戴鲁比,,45,60,30,80,50,65,恶,火,早起,引火,紧张感
229,黑鲁加,,75,90,50,110,80,95,恶,火,早起,引火,紧张感
229,黑鲁加,超级黑鲁加,75,90,90,140,90,115,恶,火,太阳之力,the same,the same
230,刺龙王,,75,95,95,95,95,85,水,龙,悠游自如,狙击手,湿气
231,小小象,,90,60,60,40,40,40,地面,,捡拾,the same,沙隐
232,顿甲,,90,120,120,60,60,50,地面,,结实,the same,沙隐
233,多边兽Ⅱ,,85,80,90,105,95,60,一般,,复制,下载,分析
234,惊角鹿,,73,95,62,85,65,85,一般,,威吓,察觉,食草
235,图图犬,,55,20,35,20,45,75,一般,,我行我素,技术高手,心情不定
236,无畏小子,,35,35,35,35,35,35,格斗,,毅力,不屈之心,干劲
237,战舞郎,,50,95,95,35,110,70,格斗,,威吓,技术高手,不屈之心
238,迷唇娃,,45,30,15,85,65,65,冰,超能力,迟钝,预知梦,湿润之躯
239,电击怪,,45,63,37,65,55,95,电,,静电,the same,干劲
240,鸭嘴宝宝,,45,75,37,70,55,83,火,,火焰之躯,the same,干劲
241,大奶罐,,95,80,105,40,70,100,一般,,厚脂肪,胆量,食草
242,幸福蛋,,255,10,10,75,135,55,一般,,自然回复,天恩,治愈之心
243,雷公,,90,85,75,115,100,115,电,,压迫感,the same,精神力
244,炎帝,,115,115,85,90,75,100,火,,压迫感,the same,精神力
245,水君,,100,75,115,90,115,85,水,,压迫感,the same,精神力
246,幼基拉斯,,50,64,50,45,50,41,岩石,地面,毅力,the same,沙隐
247,沙基拉斯,,70,84,70,65,70,51,岩石,地面,蜕皮,the same,the same
248,班基拉斯,,100,134,110,95,100,61,岩石,恶,扬沙,the same,紧张感
248,班基拉斯,超级班基拉斯,100,164,150,95,120,71,岩石,恶,扬沙,the same,the same
249,洛奇亚,,106,90,130,90,154,110,超能力,飞行,压迫感,the same,多重鳞片
250,凤王,,106,130,90,110,154,90,火,飞行,压迫感,the same,再生力
251,时拉比,,100,100,100,100,100,100,超能力,草,自然回复,the same,the same
252,木守宫,,40,45,35,65,55,70,草,,茂盛,the same,轻装
253,森林蜥蜴,,50,65,45,85,65,95,草,,茂盛,the same,轻装
254,蜥蜴王,,70,85,65,105,85,120,草,,茂盛,the same,轻装
254,蜥蜴王,超级蜥蜴王,70,110,75,145,85,145,草,龙,避雷针,the same,the same
255,火稚鸡,,45,60,40,70,50,45,火,,猛火,the same,加速
256,力壮鸡,,60,85,60,85,60,55,火,格斗,猛火,the same,加速
257,火焰鸡,,80,120,70,110,70,80,火,格斗,猛火,the same,加速
257,火焰鸡,超级火焰鸡,80,160,80,130,80,100,火,格斗,加速,the same,the same
258,水跃鱼,,50,70,50,50,50,40,水,,激流,the same,湿气
259,沼跃鱼,,70,85,70,60,70,50,水,地面,激流,the same,湿气
260,巨沼怪,,100,110,90,85,90,60,水,地面,激流,the same,湿气
260,巨沼怪,超级巨沼怪,100,150,110,95,110,70,水,地面,悠游自如,the same,the same
261,土狼犬,,35,55,35,30,30,35,恶,,逃跑,飞毛腿,胆怯
262,大狼犬,,70,90,70,60,60,70,恶,,威吓,飞毛腿,自信过度
263,蛇纹熊,,38,30,41,30,41,60,一般,,捡拾,贪吃鬼,飞毛腿
263,蛇纹熊,伽勒尔的样子,38,30,41,30,41,60,恶,一般,捡拾,贪吃鬼,飞毛腿
264,直冲熊,,78,70,61,50,61,100,一般,,捡拾,贪吃鬼,飞毛腿
264,直冲熊,伽勒尔的样子,78,70,61,50,61,100,恶,一般,捡拾,贪吃鬼,飞毛腿
265,刺尾虫,,45,45,35,20,30,20,虫,,鳞粉,the same,逃跑
266,甲壳茧,,50,35,55,25,25,15,虫,,蜕皮,the same,the same
267,狩猎凤蝶,,60,70,50,100,50,65,虫,飞行,虫之预感,the same,斗争心
268,盾甲茧,,50,35,55,25,25,15,虫,,蜕皮,the same,the same
269,毒粉蛾,,60,50,70,50,90,65,虫,毒,鳞粉,the same,复眼
270,莲叶童子,,40,30,30,40,50,30,水,草,悠游自如,雨盘,我行我素
271,莲帽小童,,60,50,50,60,70,50,水,草,悠游自如,雨盘,我行我素
272,乐天河童,,80,70,70,90,100,70,水,草,悠游自如,雨盘,我行我素
273,橡实果,,40,40,50,30,30,30,草,,叶绿素,早起,顺手牵羊
274,长鼻叶,,70,70,40,60,40,60,草,恶,叶绿素,早起,顺手牵羊
275,狡猾天狗,,90,100,60,90,60,80,草,恶,叶绿素,早起,顺手牵羊
276,傲骨燕,,40,55,30,30,30,85,一般,飞行,毅力,the same,胆量
277,大王燕,,60,85,60,75,50,125,一般,飞行,毅力,the same,胆量
278,长翅鸥,,40,30,30,55,30,85,水,飞行,锐利目光,湿润之躯,雨盘
279,大嘴鸥,,60,50,100,95,70,65,水,飞行,锐利目光,降雨,雨盘
280,拉鲁拉丝,,28,25,25,45,35,40,超能力,妖精,同步,复制,心灵感应
281,奇鲁莉安,,38,35,35,65,55,50,超能力,妖精,同步,复制,心灵感应
282,沙奈朵,,68,65,65,125,115,80,超能力,妖精,同步,复制,心灵感应
282,沙奈朵,超级沙奈朵,68,85,65,165,135,100,超能力,妖精,妖精皮肤,the same,the same
283,溜溜糖球,,40,30,32,50,52,65,虫,水,悠游自如,the same,雨盘
284,雨翅蛾,,70,60,62,100,82,80,虫,飞行,威吓,the same,紧张感
285,蘑蘑菇,,60,40,60,40,60,35,草,,孢子,毒疗,飞毛腿
286,斗笠菇,,60,130,80,60,60,70,草,格斗,孢子,毒疗,技术高手
287,懒人獭,,60,60,60,35,35,30,一般,,懒惰,the same,the same
288,过动猿,,80,80,80,55,55,90,一般,,干劲,the same,the same
289,请假王,,150,160,100,95,65,100,一般,,懒惰,the same,the same
290,土居忍士,,31,45,90,30,30,40,虫,地面,复眼,the same,逃跑
291,铁面忍者,,61,90,45,50,50,160,虫,飞行,加速,the same,穿透
292,脱壳忍者,,1,90,45,30,30,40,虫,幽灵,神奇守护,the same,the same
293,咕妞妞,,64,51,23,51,23,28,一般,,隔音,the same,胆怯
294,吼爆弹,,84,71,43,71,43,48,一般,,隔音,the same,胆量
295,爆音怪,,104,91,63,91,73,68,一般,,隔音,the same,胆量
296,幕下力士,,72,60,30,20,30,25,格斗,,厚脂肪,毅力,强行
297,铁掌力士,,144,120,60,40,60,50,格斗,,厚脂肪,毅力,强行
298,露力丽,,50,20,40,20,40,20,一般,妖精,厚脂肪,大力士,食草
299,朝北鼻,,30,45,135,45,90,30,岩石,,结实,磁力,沙之力
300,向尾喵,,50,45,45,35,35,50,一般,,迷人之躯,一般皮肤,奇迹皮肤
301,优雅猫,,70,65,65,55,55,90,一般,,迷人之躯,一般皮肤,奇迹皮肤
302,勾魂眼,,50,75,75,65,65,50,恶,幽灵,锐利目光,慢出,恶作剧之心
302,勾魂眼,超级勾魂眼,50,85,125,85,115,20,恶,幽灵,魔法镜,the same,the same
303,大嘴娃,,50,85,85,55,55,50,钢,妖精,怪力钳,威吓,强行
303,大嘴娃,超级大嘴娃,50,105,125,55,95,50,钢,妖精,大力士,the same,the same
304,可可多拉,,50,70,100,40,40,30,钢,岩石,结实,坚硬脑袋,重金属
305,可多拉,,60,90,140,50,50,40,钢,岩石,结实,坚硬脑袋,重金属
306,波士可多拉,,70,110,180,60,60,50,钢,岩石,结实,坚硬脑袋,重金属
306,波士可多拉,超级波士可多拉,70,140,230,60,80,50,钢,,过滤,the same,the same
307,玛沙那,,30,40,55,40,55,60,格斗,超能力,瑜伽之力,the same,心灵感应
308,恰雷姆,,60,60,75,60,75,80,格斗,超能力,瑜伽之力,the same,心灵感应
308,恰雷姆,超级恰雷姆,60,100,85,80,85,100,格斗,超能力,瑜伽之力,the same,the same
309,落雷兽,,40,45,40,65,40,65,电,,静电,避雷针,负电
310,雷电兽,,70,75,60,105,60,105,电,,静电,避雷针,负电
310,雷电兽,超级雷电兽,70,75,80,135,80,135,电,,威吓,the same,the same
311,正电拍拍,,60,50,40,85,75,95,电,,正电,the same,避雷针
312,负电拍拍,,60,40,50,75,85,95,电,,负电,the same,蓄电
313,电萤虫,,65,73,75,47,85,85,虫,,发光,虫之预感,恶作剧之心
314,甜甜萤,,65,47,75,73,85,85,虫,,迟钝,有色眼镜,恶作剧之心
315,毒蔷薇,,50,60,45,100,80,65,草,毒,自然回复,毒刺,叶子防守
316,溶食兽,,70,43,53,43,53,40,毒,,污泥浆,黏着,贪吃鬼
317,吞食兽,,100,73,83,73,83,55,毒,,污泥浆,黏着,贪吃鬼
318,利牙鱼,,45,90,20,65,20,65,水,恶,粗糙皮肤,the same,加速
319,巨牙鲨,,70,120,40,95,40,95,水,恶,粗糙皮肤,the same,加速
319,巨牙鲨,超级巨牙鲨,70,140,70,110,65,105,水,恶,强壮之颚,the same,the same
320,吼吼鲸,,130,70,35,70,35,60,水,,水幕,迟钝,压迫感
321,吼鲸王,,170,90,45,90,45,60,水,,水幕,迟钝,压迫感
322,呆火驼,,60,60,40,65,45,35,火,地面,迟钝,单纯,我行我素
323,喷火驼,,70,100,70,105,75,40,火,地面,熔岩铠甲,坚硬岩石,愤怒穴位
323,喷火驼,超级喷火驼,70,120,100,145,105,20,火,地面,强行,the same,the same
324,煤炭龟,,70,85,140,85,70,20,火,,白色烟雾,日照,硬壳盔甲
325,跳跳猪,,60,25,35,70,80,60,超能力,,厚脂肪,我行我素,贪吃鬼
326,噗噗猪,,80,45,65,90,110,80,超能力,,厚脂肪,我行我素,贪吃鬼
327,晃晃斑,,60,60,60,60,60,60,一般,,我行我素,蹒跚,唱反调
328,大颚蚁,,45,100,45,45,45,10,地面,,怪力钳,沙穴,强行
329,超音波幼虫,,50,70,50,50,50,70,地面,龙,飘浮,the same,the same
330,沙漠蜻蜓,,80,100,80,80,80,100,地面,龙,飘浮,the same,the same
331,刺球仙人掌,,50,85,40,85,40,35,草,,沙隐,the same,储水
332,梦歌仙人掌,,70,115,60,115,60,55,草,恶,沙隐,the same,储水
333,青绵鸟,,45,40,60,40,75,50,一般,飞行,自然回复,the same,无关天气
334,七夕青鸟,,75,70,90,70,105,80,龙,飞行,自然回复,the same,无关天气
334,七夕青鸟,超级七夕青鸟,75,110,110,110,105,80,龙,妖精,妖精皮肤,the same,the same
335,猫鼬斩,,73,115,60,60,60,90,一般,,免疫,the same,中毒激升
336,饭匙蛇,,73,100,60,100,60,65,毒,,蜕皮,the same,穿透
337,月石,,90,55,65,95,85,70,岩石,超能力,飘浮,the same,the same
338,太阳岩,,90,95,85,55,65,70,岩石,超能力,飘浮,the same,the same
339,泥泥鳅,,50,48,43,46,41,60,水,地面,迟钝,危险预知,湿润之躯
340,鲶鱼王,,110,78,73,76,71,60,水,地面,迟钝,危险预知,湿润之躯
341,龙虾小兵,,43,80,65,50,35,35,水,,怪力钳,硬壳盔甲,适应力
342,铁螯龙虾,,63,120,85,90,55,55,水,恶,怪力钳,硬壳盔甲,适应力
343,天秤偶,,40,40,55,40,70,55,地面,超能力,飘浮,the same,the same
344,念力土偶,,60,70,105,70,120,75,地面,超能力,飘浮,the same,the same
345,触手百合,,66,41,77,61,87,23,岩石,草,吸盘,the same,引水
346,摇篮百合,,86,81,97,81,107,43,岩石,草,吸盘,the same,引水
347,太古羽虫,,45,95,50,40,50,75,岩石,虫,战斗盔甲,the same,悠游自如
348,太古盔甲,,75,125,100,70,80,45,岩石,虫,战斗盔甲,the same,悠游自如
349,丑丑鱼,,20,15,20,10,55,80,水,,悠游自如,迟钝,适应力
350,美纳斯,,95,60,79,100,125,81,水,,神奇鳞片,好胜,迷人之躯
351,飘浮泡泡,,70,70,70,70,70,70,一般,,阴晴不定,the same,the same
352,变隐龙,,60,90,70,60,120,40,一般,,变色,the same,变幻自如
353,怨影娃娃,,44,75,35,63,33,45,幽灵,,不眠,察觉,诅咒之躯
354,诅咒娃娃,,64,115,65,83,63,65,幽灵,,不眠,察觉,诅咒之躯
354,诅咒娃娃,超级诅咒娃娃,64,165,75,93,83,75,幽灵,,恶作剧之心,the same,the same
355,夜巡灵,,20,40,90,30,90,25,幽灵,,飘浮,the same,察觉
356,彷徨夜灵,,40,70,130,60,130,25,幽灵,,压迫感,the same,察觉
357,热带龙,,99,68,83,72,87,51,草,飞行,叶绿素,太阳之力,收获
358,风铃铃,,75,50,80,95,90,65,超能力,,飘浮,the same,the same
359,阿勃梭鲁,,65,130,60,75,60,75,恶,,压迫感,超幸运,正义之心
359,阿勃梭鲁,超级阿勃梭鲁,65,150,60,115,60,115,恶,,魔法镜,the same,the same
360,小果然,,95,23,48,23,48,23,超能力,,踩影,the same,心灵感应
361,雪童子,,50,50,50,50,50,50,冰,,精神力,冰冻之躯,心情不定
362,冰鬼护,,80,80,80,80,80,80,冰,,精神力,冰冻之躯,心情不定
362,冰鬼护,超级冰鬼护,80,120,80,120,80,100,冰,,冰冻皮肤,the same,the same
363,海豹球,,70,40,50,55,50,25,冰,水,厚脂肪,冰冻之躯,迟钝
364,海魔狮,,90,60,70,75,70,45,冰,水,厚脂肪,冰冻之躯,迟钝
365,帝牙海狮,,110,80,90,95,90,65,冰,水,厚脂肪,冰冻之躯,迟钝
366,珍珠贝,,35,64,85,74,55,32,水,,硬壳盔甲,the same,胆怯
367,猎斑鱼,,55,104,105,94,75,52,水,,悠游自如,the same,水幕
368,樱花鱼,,55,84,105,114,75,52,水,,悠游自如,the same,湿润之躯
369,古空棘鱼,,100,90,130,45,65,55,水,岩石,悠游自如,坚硬脑袋,结实
370,爱心鱼,,43,30,55,40,65,97,水,,悠游自如,the same,湿润之躯
371,宝贝龙,,45,75,60,40,30,50,龙,,坚硬脑袋,the same,强行
372,甲壳龙,,65,95,100,60,50,50,龙,,坚硬脑袋,the same,防尘
373,暴飞龙,,95,135,80,110,80,100,龙,飞行,威吓,the same,自信过度
373,暴飞龙,超级暴飞龙,95,145,130,120,90,120,龙,飞行,飞行皮肤,the same,the same
374,铁哑铃,,40,55,80,35,60,30,钢,超能力,恒净之躯,the same,轻金属
375,金属怪,,60,75,100,55,80,50,钢,超能力,恒净之躯,the same,轻金属
376,巨金怪,,80,135,130,95,90,70,钢,超能力,恒净之躯,the same,轻金属
376,巨金怪,超级巨金怪,80,145,150,105,110,110,钢,超能力,硬爪,the same,the same
377,雷吉洛克,,80,100,200,50,100,50,岩石,,恒净之躯,the same,结实
378,雷吉艾斯,,80,50,100,100,200,50,冰,,恒净之躯,the same,冰冻之躯
379,雷吉斯奇鲁,,80,75,150,75,150,50,钢,,恒净之躯,the same,轻金属
380,拉帝亚斯,,80,80,90,110,130,110,龙,超能力,飘浮,the same,the same
380,拉帝亚斯,超级拉帝亚斯,80,100,120,140,150,110,龙,超能力,飘浮,the same,the same
381,拉帝欧斯,,80,90,80,130,110,110,龙,超能力,飘浮,the same,the same
381,拉帝欧斯,超级拉帝欧斯,80,130,100,160,120,110,龙,超能力,飘浮,the same,the same
382,盖欧卡,,100,100,90,150,140,90,水,,降雨,the same,the same
382,盖欧卡,原始回归的样子,100,150,90,180,160,90,水,,始源之海,the same,the same
383,固拉多,,100,150,140,100,90,90,地面,,日照,the same,the same
383,固拉多,原始回归的样子,100,180,160,150,90,90,地面,火,终结之地,the same,the same
384,烈空坐,,105,150,90,150,90,95,龙,飞行,气闸,the same,the same
384,烈空坐,超级烈空坐,105,180,100,180,100,115,龙,飞行,德尔塔气流,the same,the same
385,基拉祈,,100,100,100,100,100,100,钢,超能力,天恩,the same,the same
386,代欧奇希斯,普通形态,50,150,50,150,50,150,超能力,,压迫感,the same,the same
386,代欧奇希斯,攻击形态,50,180,20,180,20,150,超能力,,压迫感,the same,the same
386,代欧奇希斯,防御形态,50,70,160,70,160,90,超能力,,压迫感,the same,the same
386,代欧奇希斯,速度形态,50,95,90,95,90,180,超能力,,压迫感,the same,the same
387,草苗龟,,55,68,64,45,55,31,草,,茂盛,the same,硬壳盔甲
388,树林龟,,75,89,85,55,65,36,草,,茂盛,the same,硬壳盔甲
389,土台龟,,95,109,105,75,85,56,草,地面,茂盛,the same,硬壳盔甲
390,小火焰猴,,44,58,44,58,44,61,火,,猛火,the same,铁拳
391,猛火猴,,64,78,52,78,52,81,火,格斗,猛火,the same,铁拳
392,烈焰猴,,76,104,71,104,71,108,火,格斗,猛火,the same,铁拳
393,波加曼,,53,51,53,61,56,40,水,,激流,the same,不服输
394,波皇子,,64,66,68,81,76,50,水,,激流,the same,不服输
395,帝王拿波,,84,86,88,111,101,60,水,钢,激流,the same,不服输
396,姆克儿,,40,55,30,30,30,60,一般,飞行,锐利目光,the same,舍身
397,姆克鸟,,55,75,50,40,40,80,一般,飞行,威吓,the same,舍身
398,姆克鹰,,85,120,70,50,60,100,一般,飞行,威吓,the same,舍身
399,大牙狸,,59,45,40,35,40,31,一般,,单纯,纯朴,心情不定
400,大尾狸,,79,85,60,55,60,71,一般,水,单纯,纯朴,心情不定
401,圆法师,,37,25,41,25,41,25,虫,,蜕皮,the same,逃跑
402,音箱蟀,,77,85,51,55,51,65,虫,,虫之预感,the same,技术高手
403,小猫怪,,45,65,34,40,34,45,电,,斗争心,威吓,毅力
404,勒克猫,,60,85,49,60,49,60,电,,斗争心,威吓,毅力
405,伦琴猫,,80,120,79,95,79,70,电,,斗争心,威吓,毅力
406,含羞苞,,40,30,35,50,70,55,草,毒,自然回复,毒刺,叶子防守
407,罗丝雷朵,,60,70,65,125,105,90,草,毒,自然回复,毒刺,技术高手
408,头盖龙,,67,125,40,30,30,58,岩石,,破格,the same,强行
409,战槌龙,,97,165,60,65,50,58,岩石,,破格,the same,强行
410,盾甲龙,,30,42,118,42,88,30,岩石,钢,结实,the same,隔音
411,护城龙,,60,52,168,47,138,30,岩石,钢,结实,the same,隔音
412,结草儿,,40,29,45,29,45,36,虫,,蜕皮,the same,防尘
413,结草贵妇,草木蓑衣,60,59,85,79,105,36,虫,草,危险预知,the same,防尘
413,结草贵妇,砂土蓑衣,60,79,105,59,85,36,虫,草,危险预知,the same,防尘
413,结草贵妇,垃圾蓑衣,60,69,95,69,95,36,虫,草,危险预知,the same,防尘
414,绅士蛾,,70,94,50,94,50,66,虫,飞行,虫之预感,the same,有色眼镜
415,三蜜蜂,,30,30,42,30,42,70,虫,飞行,采蜜,the same,活力
416,蜂女王,,70,80,102,80,102,40,虫,飞行,压迫感,the same,紧张感
417,帕奇利兹,,60,45,70,45,90,95,电,,逃跑,捡拾,蓄电
418,泳圈鼬,,55,65,35,60,30,85,水,,悠游自如,the same,水幕
419,浮潜鼬,,85,105,55,85,50,115,水,,悠游自如,the same,水幕
420,樱花宝,,45,35,45,62,53,35,草,,叶绿素,the same,the same
421,樱花儿,,70,60,70,87,78,85,草,,花之礼,the same,the same
422,无壳海兔,,76,48,48,57,62,34,水,,黏着,引水,沙之力
423,海兔兽,,111,83,68,92,82,39,水,地面,黏着,引水,沙之力
424,双尾怪手,,75,100,66,60,66,115,一般,,技术高手,捡拾,连续攻击
425,飘飘球,,90,50,34,60,44,70,幽灵,飞行,引爆,轻装,受热激升
426,随风球,,150,80,44,90,54,80,幽灵,飞行,引爆,轻装,受热激升
427,卷卷耳,,55,66,44,44,56,85,一般,,逃跑,笨拙,柔软
428,长耳兔,,65,76,84,54,96,105,一般,,迷人之躯,笨拙,柔软
428,长耳兔,超级长耳兔,65,136,94,54,96,135,一般,格斗,胆量,the same,the same
429,梦妖魔,,60,60,60,105,105,105,幽灵,,飘浮,the same,the same
430,乌鸦头头,,100,125,52,105,52,71,恶,飞行,不眠,超幸运,自信过度
431,魅力喵,,49,55,42,42,37,85,一般,,柔软,我行我素,锐利目光
432,东施喵,,71,82,64,64,59,112,一般,,厚脂肪,我行我素,不服输
433,铃铛响,,45,30,50,65,50,45,超能力,,飘浮,the same,the same
434,臭鼬噗,,63,63,47,41,41,74,毒,恶,恶臭,引爆,锐利目光
435,坦克臭鼬,,103,93,67,71,61,84,毒,恶,恶臭,引爆,锐利目光
436,铜镜怪,,57,24,86,24,86,23,钢,超能力,飘浮,耐热,重金属
437,青铜钟,,67,89,116,79,116,33,钢,超能力,飘浮,耐热,重金属
438,盆才怪,,50,80,95,10,45,10,岩石,,结实,坚硬脑袋,胆怯
439,魔尼尼,,20,25,45,70,90,60,超能力,妖精,隔音,过滤,技术高手
440,小福蛋,,100,5,5,15,65,30,一般,,自然回复,天恩,友情防守
441,聒噪鸟,,76,65,45,92,42,91,一般,飞行,锐利目光,蹒跚,健壮胸肌
442,花岩怪,,50,92,108,92,108,35,幽灵,恶,压迫感,the same,穿透
443,圆陆鲨,,58,70,45,40,45,42,龙,地面,沙隐,the same,粗糙皮肤
444,尖牙陆鲨,,68,90,65,50,55,82,龙,地面,沙隐,the same,粗糙皮肤
445,烈咬陆鲨,,108,130,95,80,85,102,龙,地面,沙隐,the same,粗糙皮肤
445,烈咬陆鲨,超级烈咬陆鲨,108,170,115,120,95,92,龙,地面,沙之力,the same,the same
446,小卡比兽,,135,85,40,40,85,5,一般,,捡拾,厚脂肪,贪吃鬼
447,利欧路,,40,70,40,35,40,60,格斗,,不屈之心,精神力,恶作剧之心
448,路卡利欧,,70,110,70,115,70,90,格斗,钢,不屈之心,精神力,正义之心
448,路卡利欧,超级路卡利欧,70,145,88,140,70,112,格斗,钢,适应力,the same,the same
449,沙河马,,68,72,78,38,42,32,地面,,扬沙,the same,沙之力
450,河马兽,,108,112,118,68,72,47,地面,,扬沙,the same,沙之力
451,钳尾蝎,,40,50,90,30,55,65,毒,虫,战斗盔甲,狙击手,锐利目光
452,龙王蝎,,70,90,110,60,75,95,毒,恶,战斗盔甲,狙击手,锐利目光
453,不良蛙,,48,61,40,61,40,50,毒,格斗,危险预知,干燥皮肤,毒手
454,毒骷蛙,,83,106,65,86,65,85,毒,格斗,危险预知,干燥皮肤,毒手
455,尖牙笼,,74,100,72,90,72,46,草,,飘浮,the same,the same
456,荧光鱼,,49,49,56,49,61,66,水,,悠游自如,引水,水幕
457,霓虹鱼,,69,69,76,69,86,91,水,,悠游自如,引水,水幕
458,小球飞鱼,,45,20,50,60,120,50,水,飞行,悠游自如,储水,水幕
459,雪笠怪,,60,62,50,62,60,40,草,冰,降雪,the same,隔音
460,暴雪王,,90,92,75,92,85,60,草,冰,降雪,the same,隔音
460,暴雪王,超级暴雪王,90,132,105,132,105,30,草,冰,降雪,the same,the same
461,玛狃拉,,70,120,65,45,85,125,恶,冰,压迫感,the same,顺手牵羊
462,自爆磁怪,,70,70,115,130,90,60,电,钢,磁力,结实,分析
463,大舌舔,,110,85,95,80,95,50,一般,,我行我素,迟钝,无关天气
464,超甲狂犀,,115,140,130,55,55,40,地面,岩石,避雷针,坚硬岩石,舍身
465,巨蔓藤,,100,100,125,110,50,50,草,,叶绿素,叶子防守,再生力
466,电击魔兽,,75,123,67,95,85,95,电,,电气引擎,the same,干劲
467,鸭嘴炎兽,,75,95,67,125,95,83,火,,火焰之躯,the same,干劲
468,波克基斯,,85,50,95,120,115,80,妖精,飞行,活力,天恩,超幸运
469,远古巨蜓,,86,76,86,116,56,95,虫,飞行,加速,有色眼镜,察觉
470,叶伊布,,65,110,130,60,65,95,草,,叶子防守,the same,叶绿素
471,冰伊布,,65,60,110,130,95,65,冰,,雪隐,the same,冰冻之躯
472,天蝎王,,75,95,125,45,75,95,地面,飞行,怪力钳,沙隐,毒疗
473,象牙猪,,110,130,80,70,60,80,冰,地面,迟钝,雪隐,厚脂肪
474,多边兽Ｚ,,85,80,70,135,75,90,一般,,适应力,下载,分析
475,艾路雷朵,,68,125,65,65,115,80,超能力,格斗,不屈之心,the same,正义之心
475,艾路雷朵,超级艾路雷朵,68,165,95,65,115,110,超能力,格斗,精神力,the same,the same
476,大朝北鼻,,60,55,145,75,150,40,岩石,钢,结实,磁力,沙之力
477,黑夜魔灵,,45,100,135,65,135,45,幽灵,,压迫感,the same,察觉
478,雪妖女,,70,80,70,80,70,110,冰,幽灵,雪隐,the same,诅咒之躯
479,洛托姆,,50,50,77,95,77,91,电,幽灵,飘浮,the same,the same
479,洛托姆,加热洛托姆,50,65,107,105,107,86,电,幽灵,飘浮,the same,the same
479,洛托姆,旋转洛托姆,50,65,107,105,107,86,电,幽灵,飘浮,the same,the same
479,洛托姆,结冰洛托姆,50,65,107,105,107,86,电,幽灵,飘浮,the same,the same
479,洛托姆,清洗洛托姆,50,65,107,105,107,86,电,幽灵,飘浮,the same,the same
479,洛托姆,切割洛托姆,50,65,107,105,107,86,电,幽灵,飘浮,the same,the same
480,由克希,,75,75,130,75,130,95,超能力,,飘浮,the same,the same
481,艾姆利多,,80,105,105,105,105,80,超能力,,飘浮,the same,the same
482,亚克诺姆,,75,125,70,125,70,115,超能力,,飘浮,the same,the same
483,帝牙卢卡,,100,120,120,150,100,90,钢,龙,压迫感,the same,心灵感应
484,帕路奇亚,,90,120,100,150,120,100,水,龙,压迫感,the same,心灵感应
485,席多蓝恩,,91,90,106,130,106,77,火,钢,引火,the same,火焰之躯
486,雷吉奇卡斯,,110,160,110,80,110,100,一般,,慢启动,the same,the same
487,骑拉帝纳,别种形态,150,100,120,100,120,90,幽灵,龙,压迫感,the same,心灵感应
487,骑拉帝纳,起源形态,150,120,100,120,100,90,幽灵,龙,飘浮,the same,the same
488,克雷色利亚,,120,70,120,75,130,85,超能力,,飘浮,the same,the same
489,霏欧纳,,80,80,80,80,80,80,水,,湿润之躯,the same,the same
490,玛纳霏,,100,100,100,100,100,100,水,,湿润之躯,the same,the same
491,达克莱伊,,70,90,90,135,90,125,恶,,梦魇,the same,the same
492,谢米,陆上形态,100,100,100,100,100,100,草,,自然回复,the same,the same
492,谢米,天空形态,100,103,75,120,75,127,草,飞行,天恩,the same,the same
493,阿尔宙斯,,120,120,120,120,120,120,一般,,多属性,the same,the same
494,比克提尼,,100,100,100,100,100,100,超能力,火,胜利之星,the same,the same
495,藤藤蛇,,45,45,55,45,55,63,草,,茂盛,the same,唱反调
496,青藤蛇,,60,60,75,60,75,83,草,,茂盛,the same,唱反调
497,君主蛇,,75,75,95,75,95,113,草,,茂盛,the same,唱反调
498,暖暖猪,,65,63,45,45,45,45,火,,猛火,the same,厚脂肪
499,炒炒猪,,90,93,55,70,55,55,火,格斗,猛火,the same,厚脂肪
500,炎武王,,110,123,65,100,65,65,火,格斗,猛火,the same,舍身
501,水水獭,,55,55,45,63,45,45,水,,激流,the same,硬壳盔甲
502,双刃丸,,75,75,60,83,60,60,水,,激流,the same,硬壳盔甲
503,大剑鬼,,95,100,85,108,70,70,水,,激流,the same,硬壳盔甲
504,探探鼠,,45,55,39,35,39,42,一般,,逃跑,锐利目光,分析
505,步哨鼠,,60,85,69,60,69,77,一般,,发光,锐利目光,分析
506,小约克,,45,60,45,25,45,55,一般,,干劲,捡拾,逃跑
507,哈约克,,65,80,65,35,65,60,一般,,威吓,拨沙,胆量
508,长毛狗,,85,110,90,45,90,80,一般,,威吓,拨沙,胆量
509,扒手猫,,41,50,37,50,37,66,恶,,柔软,轻装,恶作剧之心
510,酷豹,,64,88,50,88,50,106,恶,,柔软,轻装,恶作剧之心
511,花椰猴,,50,53,48,53,48,64,草,,贪吃鬼,the same,茂盛
512,花椰猿,,75,98,63,98,63,101,草,,贪吃鬼,the same,茂盛
513,爆香猴,,50,53,48,53,48,64,火,,贪吃鬼,the same,猛火
514,爆香猿,,75,98,63,98,63,101,火,,贪吃鬼,the same,猛火
515,冷水猴,,50,53,48,53,48,64,水,,贪吃鬼,the same,激流
516,冷水猿,,75,98,63,98,63,101,水,,贪吃鬼,the same,激流
517,食梦梦,,76,25,45,67,55,24,超能力,,预知梦,同步,心灵感应
518,梦梦蚀,,116,55,85,107,95,29,超能力,,预知梦,同步,心灵感应
519,豆豆鸽,,50,55,50,36,30,43,一般,飞行,健壮胸肌,超幸运,斗争心
520,咕咕鸽,,62,77,62,50,42,65,一般,飞行,健壮胸肌,超幸运,斗争心
521,高傲雉鸡,,80,115,80,65,55,93,一般,飞行,健壮胸肌,超幸运,斗争心
522,斑斑马,,45,60,32,50,32,76,电,,避雷针,电气引擎,食草
523,雷电斑马,,75,100,63,80,63,116,电,,避雷针,电气引擎,食草
524,石丸子,,55,75,85,25,25,15,岩石,,结实,碎裂铠甲,沙之力
525,地幔岩,,70,105,105,50,40,20,岩石,,结实,碎裂铠甲,沙之力
526,庞岩怪,,85,135,130,60,80,25,岩石,,结实,扬沙,沙之力
527,滚滚蝙蝠,,65,45,43,55,43,72,超能力,飞行,纯朴,笨拙,单纯
528,心蝙蝠,,67,57,55,77,55,114,超能力,飞行,纯朴,笨拙,单纯
529,螺钉地鼠,,60,85,40,30,45,68,地面,,拨沙,沙之力,破格
530,龙头地鼠,,110,135,60,50,65,88,地面,钢,拨沙,沙之力,破格
531,差不多娃娃,,103,60,86,60,86,50,一般,,治愈之心,再生力,笨拙
531,差不多娃娃,超级差不多娃娃,103,60,126,80,126,50,一般,妖精,治愈之心,the same,the same
532,搬运小匠,,75,80,55,25,35,35,格斗,,毅力,强行,铁拳
533,铁骨土人,,85,105,85,40,50,40,格斗,,毅力,强行,铁拳
534,修建老匠,,105,140,95,55,65,45,格斗,,毅力,强行,铁拳
535,圆蝌蚪,,50,50,40,50,40,64,水,,悠游自如,湿润之躯,储水
536,蓝蟾蜍,,75,65,55,65,55,69,水,地面,悠游自如,湿润之躯,储水
537,蟾蜍王,,105,95,75,85,75,74,水,地面,悠游自如,毒手,储水
538,投摔鬼,,120,100,85,30,85,45,格斗,,毅力,精神力,破格
539,打击鬼,,75,125,75,30,75,85,格斗,,结实,精神力,破格
540,虫宝包,,45,53,70,40,60,42,虫,草,虫之预感,叶绿素,防尘
541,宝包茧,,55,63,90,50,80,42,虫,草,叶子防守,叶绿素,防尘
542,保姆虫,,75,103,80,70,80,92,虫,草,虫之预感,叶绿素,防尘
543,百足蜈蚣,,30,45,59,30,39,57,虫,毒,毒刺,虫之预感,加速
544,车轮球,,40,55,99,40,79,47,虫,毒,毒刺,虫之预感,加速
545,蜈蚣王,,60,100,89,55,69,112,虫,毒,毒刺,虫之预感,加速
546,木棉球,,40,27,60,37,50,66,草,妖精,恶作剧之心,穿透,叶绿素
547,风妖精,,60,67,85,77,75,116,草,妖精,恶作剧之心,穿透,叶绿素
548,百合根娃娃,,45,35,50,70,50,30,草,,叶绿素,我行我素,叶子防守
549,裙儿小姐,,70,60,75,110,75,90,草,,叶绿素,我行我素,叶子防守
550,野蛮鲈鱼,,70,92,65,80,55,98,水,,舍身,适应力,破格
550,野蛮鲈鱼,,70,92,65,80,55,98,水,,坚硬脑袋,适应力,破格
551,黑眼鳄,,50,72,35,35,35,65,地面,恶,威吓,自信过度,愤怒穴位
552,混混鳄,,60,82,45,45,45,74,地面,恶,威吓,自信过度,愤怒穴位
553,流氓鳄,,95,117,80,65,70,92,地面,恶,威吓,自信过度,愤怒穴位
554,火红不倒翁,,70,90,45,15,45,50,火,,活力,the same,精神力
554,火红不倒翁,伽勒尔的样子,70,90,45,15,45,50,冰,,活力,the same,精神力
555,达摩狒狒,普通模式,105,140,55,30,55,95,火,,强行,the same,达摩模式
555,达摩狒狒,达摩模式,105,30,105,140,105,55,火,超能力,达摩模式,the same,the same
555,达摩狒狒,达摩狒狒伽勒尔的样子,105,140,55,30,55,95,冰,,一猩一意,the same,达摩模式
555,达摩狒狒,达摩狒狒伽勒尔的样子达摩模式,105,160,55,30,55,135,冰,火,达摩模式,the same,the same
556,沙铃仙人掌,,75,86,67,106,67,60,草,,储水,叶绿素,引水
557,石居蟹,,50,65,85,35,35,55,虫,岩石,结实,硬壳盔甲,碎裂铠甲
558,岩殿居蟹,,70,105,125,65,75,45,虫,岩石,结实,硬壳盔甲,碎裂铠甲
559,滑滑小子,,50,75,70,35,70,48,恶,格斗,蜕皮,自信过度,威吓
560,头巾混混,,65,90,115,45,115,58,恶,格斗,蜕皮,自信过度,威吓
561,象征鸟,,72,58,80,103,80,97,超能力,飞行,奇迹皮肤,魔法防守,有色眼镜
562,哭哭面具,,38,30,85,55,65,30,幽灵,,木乃伊,the same,the same
562,哭哭面具,伽勒尔的样子,38,55,85,30,65,30,地面,幽灵,游魂,the same,the same
563,死神棺,,58,50,145,95,105,30,幽灵,,木乃伊,the same,the same
564,原盖海龟,,54,78,103,53,45,22,水,岩石,坚硬岩石,结实,悠游自如
565,肋骨海龟,,74,108,133,83,65,32,水,岩石,坚硬岩石,结实,悠游自如
566,始祖小鸟,,55,112,45,74,45,70,岩石,飞行,软弱,the same,the same
567,始祖大鸟,,75,140,65,112,65,110,岩石,飞行,软弱,the same,the same
568,破破袋,,50,50,62,40,62,65,毒,,恶臭,黏着,引爆
569,灰尘山,,80,95,82,60,82,75,毒,,恶臭,碎裂铠甲,引爆
570,索罗亚,,40,65,40,80,40,65,恶,,幻觉,the same,the same
571,索罗亚克,,60,105,60,120,60,105,恶,,幻觉,the same,the same
572,泡沫栗鼠,,55,50,40,40,40,75,一般,,迷人之躯,技术高手,连续攻击
573,奇诺栗鼠,,75,95,60,65,60,115,一般,,迷人之躯,技术高手,连续攻击
574,哥德宝宝,,45,30,50,55,65,45,超能力,,察觉,好胜,踩影
575,哥德小童,,60,45,70,75,85,55,超能力,,察觉,好胜,踩影
576,哥德小姐,,70,55,95,95,110,65,超能力,,察觉,好胜,踩影
577,单卵细胞球,,45,30,40,105,50,20,超能力,,防尘,魔法防守,再生力
578,双卵细胞球,,65,40,50,125,60,30,超能力,,防尘,魔法防守,再生力
579,人造细胞卵,,110,65,75,125,85,30,超能力,,防尘,魔法防守,再生力
580,鸭宝宝,,62,44,50,44,50,55,水,飞行,锐利目光,健壮胸肌,湿润之躯
581,舞天鹅,,75,87,63,87,63,98,水,飞行,锐利目光,健壮胸肌,湿润之躯
582,迷你冰,,36,50,50,65,60,44,冰,,冰冻之躯,雪隐,碎裂铠甲
583,多多冰,,51,65,65,80,75,59,冰,,冰冻之躯,雪隐,碎裂铠甲
584,双倍多多冰,,71,95,85,110,95,79,冰,,冰冻之躯,降雪,碎裂铠甲
585,四季鹿,,60,60,50,40,50,75,一般,草,叶绿素,食草,天恩
586,萌芽鹿,,80,100,70,60,70,95,一般,草,叶绿素,食草,天恩
587,电飞鼠,,55,75,60,75,60,103,电,飞行,静电,the same,电气引擎
588,盖盖虫,,50,75,45,40,45,60,虫,,虫之预感,蜕皮,the same防守
589,骑士蜗牛,,70,135,105,60,105,20,虫,钢,虫之预感,硬壳盔甲,防尘
590,哎呀球菇,,69,55,45,55,55,15,草,毒,孢子,the same,再生力
591,败露球菇,,114,85,70,85,80,30,草,毒,孢子,the same,再生力
592,轻飘飘,,55,40,50,65,85,40,水,幽灵,储水,诅咒之躯,湿气
593,胖嘟嘟,,100,60,70,85,105,60,水,幽灵,储水,诅咒之躯,湿气
594,保母曼波,,165,75,80,40,45,65,水,,治愈之心,湿润之躯,再生力
595,电电虫,,50,47,50,57,50,65,虫,电,复眼,紧张感,虫之预感
596,电蜘蛛,,70,77,60,97,60,108,虫,电,复眼,紧张感,虫之预感
597,种子铁球,,44,50,91,24,86,10,草,钢,铁刺,the same,铁刺
598,坚果哑铃,,74,94,131,54,116,20,草,钢,铁刺,the same,危险预知
599,齿轮儿,,40,55,70,45,60,30,钢,,正电,负电,恒净之躯
600,齿轮组,,60,80,95,70,85,50,钢,,正电,负电,恒净之躯
601,齿轮怪,,60,100,115,70,85,90,钢,,正电,负电,恒净之躯
602,麻麻小鱼,,35,55,40,45,40,60,电,,飘浮,the same,the same
603,麻麻鳗,,65,85,70,75,70,40,电,,飘浮,the same,the same
604,麻麻鳗鱼王,,85,115,80,105,80,50,电,,飘浮,the same,the same
605,小灰怪,,55,55,55,85,55,30,超能力,,心灵感应,同步,分析
606,大宇怪,,75,75,75,125,95,40,超能力,,心灵感应,同步,分析
607,烛光灵,,50,30,55,65,55,20,幽灵,火,引火,火焰之躯,穿透
608,灯火幽灵,,60,40,60,95,60,55,幽灵,火,引火,火焰之躯,穿透
609,水晶灯火灵,,60,55,90,145,90,80,幽灵,火,引火,火焰之躯,穿透
610,牙牙,,46,87,60,30,40,57,龙,,斗争心,破格,紧张感
611,斧牙龙,,66,117,70,40,50,67,龙,,斗争心,破格,紧张感
612,双斧战龙,,76,147,90,60,70,97,龙,,斗争心,破格,紧张感
613,喷嚏熊,,55,70,40,60,40,40,冰,,雪隐,拨雪,胆怯
614,冻原熊,,95,130,80,70,80,50,冰,,雪隐,拨雪,悠游自如
615,几何雪花,,80,50,50,95,135,105,冰,,飘浮,the same,the same
616,小嘴蜗,,50,40,85,40,65,25,虫,,湿润之躯,硬壳盔甲,防尘
617,敏捷虫,,80,70,40,100,60,145,虫,,湿润之躯,黏着,轻装
618,泥巴鱼,,109,66,84,81,99,32,地面,电,静电,柔软,沙隐
618,泥巴鱼,伽勒尔的样子,109,81,99,66,84,32,地面,钢,拟态,the same,the same
619,功夫鼬,,45,85,50,55,50,65,格斗,,精神力,再生力,舍身
620,师父鼬,,65,125,60,95,60,105,格斗,,精神力,再生力,舍身
621,赤面龙,,77,120,90,60,90,48,龙,,粗糙皮肤,强行,破格
622,泥偶小人,,59,74,50,35,50,35,地面,幽灵,铁拳,笨拙,the same防守
623,泥偶巨人,,89,124,80,55,80,55,地面,幽灵,铁拳,笨拙,the same防守
624,驹刀小兵,,45,85,70,40,40,60,恶,钢,不服输,精神力,压迫感
625,劈斩司令,,65,125,100,60,70,70,恶,钢,不服输,精神力,压迫感
626,爆炸头水牛,,95,110,95,40,95,55,一般,,舍身,食草,隔音
627,毛头小鹰,,70,83,50,37,50,60,一般,飞行,锐利目光,强行,活力
628,勇士雄鹰,,100,123,75,57,75,80,一般,飞行,锐利目光,强行,不服输
629,秃鹰丫头,,70,55,75,45,65,60,恶,飞行,健壮胸肌,防尘,碎裂铠甲
630,秃鹰娜,,110,65,105,55,95,80,恶,飞行,健壮胸肌,防尘,碎裂铠甲
631,熔蚁兽,,85,97,66,105,66,65,火,,贪吃鬼,引火,白色烟雾
632,铁蚁,,58,109,112,48,48,109,虫,钢,虫之预感,活力,懒惰
633,单首龙,,52,65,50,45,50,38,恶,龙,活力,the same,the same
634,双首暴龙,,72,85,70,65,70,58,恶,龙,活力,the same,the same
635,三首恶龙,,92,105,90,125,90,98,恶,龙,飘浮,the same,the same
636,燃烧虫,,55,85,55,50,55,60,虫,火,火焰之躯,the same,虫之预感
637,火神蛾,,85,60,65,135,105,100,虫,火,火焰之躯,the same,虫之预感
638,勾帕路翁,,91,90,129,90,72,108,钢,格斗,正义之心,the same,the same
639,代拉基翁,,91,129,90,72,90,108,岩石,格斗,正义之心,the same,the same
640,毕力吉翁,,91,90,72,90,129,108,草,格斗,正义之心,the same,the same
641,龙卷云,化身形态,79,115,70,125,80,111,飞行,,恶作剧之心,the same,不服输
641,龙卷云,灵兽形态,79,100,80,110,90,121,飞行,,再生力,the same,the same
642,雷电云,化身形态,79,115,70,125,80,111,电,飞行,恶作剧之心,the same,不服输
642,雷电云,灵兽形态,79,105,70,145,80,101,电,飞行,蓄电,the same,the same
643,莱希拉姆,,100,120,100,150,120,90,龙,火,涡轮火焰,the same,the same
644,捷克罗姆,,100,150,120,120,100,90,龙,电,兆级电压,the same,the same
645,土地云,化身形态,89,125,90,115,80,101,地面,飞行,沙之力,the same,强行
645,土地云,灵兽形态,89,145,90,105,80,91,地面,飞行,威吓,the same,the same
646,酋雷姆,,125,130,90,130,90,95,龙,冰,压迫感,the same,the same
646,酋雷姆,暗黑酋雷姆,125,170,100,120,90,95,龙,冰,涡轮火焰,the same,the same
646,酋雷姆,焰白酋雷姆,125,120,90,170,100,95,龙,冰,兆级电压,the same,the same
647,凯路迪欧,,91,72,90,129,90,108,水,格斗,正义之心,the same,the same
648,美洛耶塔,歌声形态,100,77,77,128,128,90,一般,,天恩,the same,the same
648,美洛耶塔,舞步形态,100,128,90,77,77,128,一般,,天恩,the same,the same
649,盖诺赛克特,,71,120,95,120,95,99,虫,钢,下载,the same,the same
650,哈力栗,,56,61,65,48,45,38,草,,茂盛,the same,防弹
651,胖胖哈力,,61,78,95,56,58,57,草,,茂盛,the same,防弹
652,布里卡隆,,88,107,122,74,75,64,草,格斗,茂盛,the same,防弹
653,火狐狸,,40,45,40,62,60,60,火,,猛火,the same,魔术师
654,长尾火狐,,59,59,58,90,70,73,火,,猛火,the same,魔术师
655,妖火红狐,,75,69,72,114,100,104,火,超能力,猛火,the same,魔术师
656,呱呱泡蛙,,41,56,40,62,44,71,水,,激流,the same,变幻自如
657,呱头蛙,,54,63,52,83,56,97,水,,激流,the same,变幻自如
658,甲贺忍蛙,,72,95,67,103,71,122,水,恶,激流,the same,变幻自如
658,甲贺忍蛙,小智版甲贺忍蛙,72,145,67,153,71,132,水,恶,牵绊变身,the same,the same
659,掘掘兔,,38,36,38,32,36,57,一般,,捡拾,颊囊,大力士
660,掘地兔,,85,56,77,50,77,78,一般,地面,捡拾,颊囊,大力士
661,小箭雀,,45,50,43,40,38,62,一般,飞行,健壮胸肌,the same,疾风之翼
662,火箭雀,,62,73,55,56,52,84,火,飞行,火焰之躯,the same,疾风之翼
663,烈箭鹰,,78,81,71,74,69,126,火,飞行,火焰之躯,the same,疾风之翼
664,粉蝶虫,,38,35,40,27,25,35,虫,,鳞粉,复眼,友情防守
665,粉蝶蛹,,45,22,60,27,30,29,虫,,蜕皮,the same,友情防守
666,彩粉蝶,,80,52,50,90,50,89,虫,飞行,鳞粉,复眼,友情防守
667,小狮狮,,62,50,58,73,54,72,火,一般,斗争心,紧张感,自信过度
668,火炎狮,,86,68,72,109,66,106,火,一般,斗争心,紧张感,自信过度
669,花蓓蓓,,44,38,39,61,79,42,妖精,,花幕,the same,共生
670,花叶蒂,,54,45,47,75,98,52,妖精,,花幕,the same,共生
671,花洁夫人,,78,65,68,112,154,75,妖精,,花幕,the same,共生
672,坐骑小羊,,66,65,48,62,57,52,草,,食草,the same,草之毛皮
673,坐骑山羊,,123,100,62,97,81,68,草,,食草,the same,草之毛皮
674,顽皮熊猫,,67,82,62,46,48,43,格斗,,铁拳,破格,胆量
675,流氓熊猫,,95,124,78,69,71,58,格斗,恶,铁拳,破格,胆量
676,多丽米亚,,75,80,60,65,90,102,一般,,毛皮大衣,the same,the same
677,妙喵,,62,48,54,63,60,68,超能力,,锐利目光,穿透,我行我素
678,超能妙喵,,74,48,76,83,81,104,超能力,,锐利目光,穿透,好胜
678,超能妙喵,,74,48,76,83,81,104,超能力,,锐利目光,穿透,恶作剧之心
679,独剑鞘,,45,80,100,35,37,28,钢,幽灵,无防守,the same,the same
680,双剑鞘,,59,110,150,45,49,35,钢,幽灵,无防守,the same,the same
681,坚盾剑怪,盾牌形态,60,50,140,50,140,60,钢,幽灵,战斗切换,the same,the same
681,坚盾剑怪,刀剑形态,60,140,50,140,50,60,钢,幽灵,战斗切换,the same,the same
682,粉香香,,78,52,60,63,65,23,妖精,,治愈之心,the same,芳香幕
683,芳香精,,101,72,72,99,89,29,妖精,,治愈之心,the same,芳香幕
684,绵绵泡芙,,62,48,66,59,57,49,妖精,,甜幕,the same,轻装
685,胖甜妮,,82,80,86,85,75,72,妖精,,甜幕,the same,轻装
686,好啦鱿,,53,54,53,37,46,45,恶,超能力,唱反调,吸盘,穿透
687,乌贼王,,86,92,88,68,75,73,恶,超能力,唱反调,吸盘,穿透
688,龟脚脚,,42,52,67,39,56,50,岩石,水,硬爪,狙击手,顺手牵羊
689,龟足巨铠,,72,105,115,54,86,68,岩石,水,硬爪,狙击手,顺手牵羊
690,垃垃藻,,50,60,60,60,60,30,毒,水,毒刺,毒手,适应力
691,毒藻龙,,65,75,90,97,123,44,毒,龙,毒刺,毒手,适应力
692,铁臂枪虾,,50,53,62,58,63,44,水,,超级发射器,the same,the same
693,钢炮臂虾,,71,73,88,120,89,59,水,,超级发射器,the same,the same
694,伞电蜥,,44,38,33,61,43,70,电,一般,干燥皮肤,沙隐,太阳之力
695,光电伞蜥,,62,55,52,109,94,109,电,一般,干燥皮肤,沙隐,太阳之力
696,宝宝暴龙,,58,89,77,45,45,48,岩石,龙,强壮之颚,the same,结实
697,怪颚龙,,82,121,119,69,59,71,岩石,龙,强壮之颚,the same,坚硬脑袋
698,冰雪龙,,77,59,50,67,63,46,岩石,冰,冰冻皮肤,the same,降雪
699,冰雪巨龙,,123,77,72,99,92,58,岩石,冰,冰冻皮肤,the same,降雪
700,仙子伊布,,95,65,65,110,130,60,妖精,,迷人之躯,the same,妖精皮肤
701,摔角鹰人,,78,92,75,74,63,118,格斗,飞行,柔软,轻装,破格
702,咚咚鼠,,67,58,57,81,67,101,电,妖精,颊囊,捡拾,正电
703,小碎钻,,50,50,150,50,150,50,岩石,妖精,恒净之躯,the same,结实
704,黏黏宝,,45,50,35,55,75,40,龙,,食草,湿润之躯,黏滑
705,黏美儿,,68,75,53,83,113,60,龙,,食草,湿润之躯,黏滑
706,黏美龙,,90,100,70,110,150,80,龙,,食草,湿润之躯,黏滑
707,钥圈儿,,57,80,91,80,87,75,钢,妖精,恶作剧之心,the same,魔术师
708,小木灵,,43,70,48,50,60,38,幽灵,草,自然回复,察觉,收获
709,朽木妖,,85,110,76,65,82,56,幽灵,草,自然回复,察觉,收获
710,南瓜精,小尺寸,44,66,70,44,55,56,幽灵,草,捡拾,察觉,不眠
710,南瓜精,普通尺寸,49,66,70,44,55,51,幽灵,草,捡拾,察觉,不眠
710,南瓜精,大尺寸,54,66,70,44,55,46,幽灵,草,捡拾,察觉,不眠
710,南瓜精,特大尺寸,59,66,70,44,55,41,幽灵,草,捡拾,察觉,不眠
711,南瓜怪人,小尺寸,55,85,122,58,75,99,幽灵,草,捡拾,察觉,不眠
711,南瓜怪人,普通尺寸,65,90,122,58,75,84,幽灵,草,捡拾,察觉,不眠
711,南瓜怪人,大尺寸,75,95,122,58,75,69,幽灵,草,捡拾,察觉,不眠
711,南瓜怪人,特大尺寸,85,100,122,58,75,54,幽灵,草,捡拾,察觉,不眠
712,冰宝,,55,69,85,32,35,28,冰,,我行我素,冰冻之躯,结实
713,冰岩怪,,95,117,184,44,46,28,冰,,我行我素,冰冻之躯,结实
714,嗡蝠,,40,30,35,45,40,55,飞行,龙,察觉,穿透,心灵感应
715,音波龙,,85,70,80,97,80,123,飞行,龙,察觉,穿透,心灵感应
716,哲尔尼亚斯,,126,131,95,131,98,99,妖精,,妖精气场,the same,the same
717,伊裴尔塔尔,,126,131,95,131,98,99,恶,飞行,暗黑气场,the same,the same
718,基格尔德,５０％形态,108,100,121,81,95,95,龙,地面,气场破坏,群聚变形,the same
718,基格尔德,１０％形态,54,100,71,61,85,115,龙,地面,气场破坏,群聚变形,the same
718,基格尔德,完全体形态,216,100,121,91,95,85,龙,地面,群聚变形,the same,the same
719,蒂安希,,50,100,150,100,150,50,岩石,妖精,恒净之躯,the same,the same
719,蒂安希,超级蒂安希,50,160,110,160,110,110,岩石,妖精,魔法镜,the same,the same
720,胡帕,惩戒胡帕,80,110,60,150,130,70,超能力,幽灵,魔术师,the same,the same
720,胡帕,解放胡帕,80,160,60,170,130,80,超能力,幽灵,魔术师,the same,the same
721,波尔凯尼恩,,80,110,120,130,90,70,火,水,储水,the same,the same
722,木木枭,,68,55,55,50,50,42,草,飞行,茂盛,the same,远隔
723,投羽枭,,78,75,75,70,70,52,草,飞行,茂盛,the same,远隔
724,狙射树枭,,78,107,75,100,100,70,草,幽灵,茂盛,the same,远隔
725,火斑喵,,45,65,40,60,40,70,火,,猛火,the same,威吓
726,炎热喵,,65,85,50,80,50,90,火,,猛火,the same,威吓
727,炽焰咆哮虎,,95,115,90,80,90,60,火,恶,猛火,the same,威吓
728,球球海狮,,50,54,54,66,56,40,水,,激流,the same,湿润之声
729,花漾海狮,,60,69,69,91,81,50,水,,激流,the same,湿润之声
730,西狮海壬,,80,74,74,126,116,60,水,妖精,激流,the same,湿润之声
731,小笃儿,,35,75,30,30,30,65,一般,飞行,锐利目光,连续攻击,捡拾
732,喇叭啄鸟,,55,85,50,40,50,75,一般,飞行,锐利目光,连续攻击,捡拾
733,铳嘴大鸟,,80,120,75,75,75,60,一般,飞行,锐利目光,连续攻击,强行
734,猫鼬少,,48,70,30,30,30,45,一般,,监视,强壮之颚,适应力
735,猫鼬探长,,80,110,60,55,60,45,一般,,监视,强壮之颚,适应力
736,强颚鸡母虫,,47,62,45,55,45,46,虫,,虫之预感,the same,the same
737,虫电宝,,57,82,95,55,75,36,虫,电,蓄电池,the same,the same
738,锹农炮虫,,77,70,90,145,75,43,虫,电,飘浮,the same,the same
739,好胜蟹,,47,82,57,42,47,63,格斗,,怪力钳,铁拳,愤怒穴位
740,好胜毛蟹,,97,132,77,62,67,43,格斗,冰,怪力钳,铁拳,愤怒穴位
741,花舞鸟,,75,70,70,98,70,93,火,飞行,舞者,the same,the same
742,萌虻,,40,45,40,55,40,84,虫,妖精,采蜜,鳞粉,甜幕
743,蝶结萌虻,,60,55,60,95,70,124,虫,妖精,采蜜,鳞粉,甜幕
744,岩狗狗,,45,65,40,30,40,60,岩石,,锐利目光,干劲,不屈之心
744,岩狗狗,特殊岩狗狗,45,65,40,30,40,60,岩石,,我行我素,the same,the same
745,鬃岩狼人,白昼的样子,75,115,65,55,65,112,岩石,,锐利目光,拨沙,不屈之心
745,鬃岩狼人,黑夜的样子,85,115,75,55,75,82,岩石,,锐利目光,拨沙,the same防守
745,鬃岩狼人,黄昏的样子,75,117,65,55,65,110,岩石,,硬爪,the same,the same
746,弱丁鱼,单独的样子,45,20,20,25,25,40,水,,鱼群,the same,the same
746,弱丁鱼,鱼群的样子,45,140,130,140,135,30,水,,鱼群,the same,the same
747,好坏星,,50,53,62,43,52,45,毒,水,不仁不义,柔软,再生力
748,超坏星,,50,63,152,53,142,35,毒,水,不仁不义,柔软,再生力
749,泥驴仔,,70,100,70,45,55,45,地面,,我行我素,持久力,精神力
750,重泥挽马,,100,125,100,55,85,35,地面,,我行我素,持久力,精神力
751,滴蛛,,38,40,52,40,72,27,水,虫,水泡,the same,储水
752,滴蛛霸,,68,70,92,50,132,42,水,虫,水泡,the same,储水
753,伪螳草,,40,55,35,50,35,35,草,,叶子防守,the same,唱反调
754,兰螳花,,70,105,90,80,90,45,草,,叶子防守,the same,唱反调
755,睡睡菇,,40,35,55,65,75,15,草,妖精,发光,孢子,雨盘
756,灯罩夜菇,,60,45,80,90,100,30,草,妖精,发光,孢子,雨盘
757,夜盗火蜥,,48,44,40,71,40,77,毒,火,腐蚀,the same,迟钝
758,焰后蜥,,68,64,60,111,60,117,毒,火,腐蚀,the same,迟钝
759,童偶熊,,70,75,50,45,50,50,一般,格斗,毛茸茸,笨拙,迷人之躯
760,穿着熊,,120,125,80,55,60,60,一般,格斗,毛茸茸,笨拙,紧张感
761,甜竹竹,,42,30,38,30,38,32,草,,叶子防守,迟钝,甜幕
762,甜舞妮,,52,40,48,40,48,62,草,,叶子防守,迟钝,甜幕
763,甜冷美后,,72,120,98,50,98,72,草,,叶子防守,女王的威严,甜幕
764,花疗环环,,51,52,90,82,110,100,妖精,,花幕,先行治疗,自然回复
765,智挥猩,,90,60,80,90,110,60,一般,,精神力,心灵感应,共生
766,投掷猴,,100,120,90,40,60,80,格斗,,接球手,the same,不服输
767,胆小虫,,25,35,40,20,30,80,虫,水,跃跃欲逃,the same,the same
768,具甲武者,,75,125,140,60,90,40,虫,水,危险回避,the same,the same
769,沙丘娃,,55,55,80,70,45,15,幽灵,地面,遇水凝固,the same,沙隐
770,噬沙堡爷,,85,75,110,100,75,35,幽灵,地面,遇水凝固,the same,沙隐
771,拳海参,,55,60,130,30,130,5,水,,飞出的内在物,the same,纯朴
772,属性：空,,95,95,95,95,95,59,一般,,战斗盔甲,the same,the same
773,银伴战兽,,95,95,95,95,95,95,一般,,ＡＲ系统,the same,the same
774,小陨星,流星的样子,60,60,100,60,100,60,岩石,飞行,界限盾壳,the same,the same
774,小陨星,核心,60,100,60,100,60,120,岩石,飞行,界限盾壳,the same,the same
775,树枕尾熊,,65,115,65,75,95,65,一般,,绝对睡眠,the same,the same
776,爆焰龟兽,,60,78,135,91,85,36,火,龙,硬壳盔甲,the same,the same
777,托戈德玛尔,,65,98,63,40,73,96,电,钢,铁刺,避雷针,结实
778,谜拟Ｑ,,55,90,80,50,105,96,幽灵,妖精,画皮,the same,the same
779,磨牙彩皮鱼,,68,105,70,70,70,92,水,超能力,鲜艳之躯,强壮之颚,奇迹皮肤
780,老翁龙,,78,60,85,135,91,36,一般,龙,怒火冲天,食草,无关天气
781,破破舵轮,,70,131,100,86,90,40,幽灵,草,钢能力者,the same,the same
782,心鳞宝,,45,55,65,45,45,45,龙,,防弹,隔音,防尘
783,鳞甲龙,,55,75,90,65,70,65,龙,格斗,防弹,隔音,防尘
784,杖尾鳞甲龙,,75,110,125,100,105,85,龙,格斗,防弹,隔音,防尘
785,卡璞鸣鸣,,70,115,85,95,75,130,电,妖精,电气制造者,the same,心灵感应
786,卡璞蝶蝶,,70,85,75,130,115,95,超能力,妖精,精神制造者,the same,心灵感应
787,卡璞哞哞,,70,130,115,85,95,75,草,妖精,青草制造者,the same,心灵感应
788,卡璞鳍鳍,,70,75,115,95,130,85,水,妖精,薄雾制造者,the same,心灵感应
789,科斯莫古,,43,29,31,29,31,37,超能力,,纯朴,the same,the same
790,科斯莫姆,,43,29,131,29,131,37,超能力,,结实,the same,the same
791,索尔迦雷欧,,137,137,107,113,89,97,超能力,钢,金属防护,the same,the same
792,露奈雅拉,,137,113,89,137,107,97,超能力,幽灵,幻影防守,the same,the same
793,虚吾伊德,,109,53,47,127,131,103,岩石,毒,异兽提升,the same,the same
794,爆肌蚊,,107,139,139,53,53,79,虫,格斗,异兽提升,the same,the same
795,费洛美螂,,71,137,37,137,37,151,虫,格斗,异兽提升,the same,the same
796,电束木,,83,89,71,173,71,83,电,,异兽提升,the same,the same
797,铁火辉夜,,97,101,103,107,101,61,钢,飞行,异兽提升,the same,the same
798,纸御剑,,59,181,131,59,31,109,草,钢,异兽提升,the same,the same
799,恶食大王,,223,101,53,97,53,43,恶,龙,异兽提升,the same,the same
800,奈克洛兹玛,,97,107,101,127,89,79,超能力,,棱镜装甲,the same,the same
800,奈克洛兹玛,黄昏之鬃,97,157,127,113,109,77,超能力,钢,棱镜装甲,the same,the same
800,奈克洛兹玛,拂晓之翼,97,113,109,157,127,77,超能力,幽灵,棱镜装甲,the same,the same
800,奈克洛兹玛,究极奈克洛兹玛,97,167,97,167,97,129,超能力,龙,脑核之力,the same,the same
801,玛机雅娜,,80,95,115,130,115,65,钢,妖精,魂心,the same,the same
802,玛夏多,,90,125,80,90,90,125,格斗,幽灵,技术高手,the same,the same
803,毒贝比,,67,73,67,73,67,73,毒,,异兽提升,the same,the same
804,四颚针龙,,73,73,73,127,73,121,毒,龙,异兽提升,the same,the same
805,垒磊石,,61,131,211,53,101,13,岩石,钢,异兽提升,the same,the same
806,砰头小丑,,53,127,53,151,79,107,火,幽灵,异兽提升,the same,the same
807,捷拉奥拉,,88,112,75,102,80,143,电,,蓄电,the same,the same
808,美录坦,,46,65,65,55,35,34,钢,,磁力,the same,the same
809,美录梅塔,,135,143,143,80,65,34,钢,,铁拳,the same,the same
810,敲音猴,,50,65,50,40,40,65,草,,茂盛,the same,青草制造者
811,啪咚猴,,70,85,70,55,60,80,草,,茂盛,the same,青草制造者
812,轰擂金刚猩,,100,125,90,60,70,85,草,,茂盛,the same,青草制造者
813,炎兔儿,,50,71,40,40,40,69,火,,猛火,the same,自由者
814,腾蹴小将,,65,86,60,55,60,94,火,,猛火,the same,自由者
815,闪焰王牌,,80,116,75,65,75,119,火,,猛火,the same,自由者
816,泪眼蜥,,50,40,40,70,40,70,水,,激流,the same,狙击手
817,变涩蜥,,65,60,55,95,55,90,水,,激流,the same,狙击手
818,千面避役,,70,85,65,125,65,120,水,,激流,the same,狙击手
819,贪心栗鼠,,70,55,55,35,35,25,一般,,颊囊,the same,贪吃鬼
820,藏饱栗鼠,,120,95,95,55,75,20,一般,,颊囊,the same,贪吃鬼
821,稚山雀,,38,47,35,33,35,57,飞行,,锐利目光,紧张感,健壮胸肌
822,蓝鸦,,68,67,55,43,55,77,飞行,,锐利目光,紧张感,健壮胸肌
823,钢铠鸦,,98,87,105,53,85,67,飞行,钢,压迫感,紧张感,镜甲
824,索侦虫,,25,20,20,25,45,45,虫,,虫之预感,复眼,心灵感应
825,天罩虫,,50,35,80,50,90,30,虫,超能力,虫之预感,复眼,心灵感应
826,以欧路普,,60,45,110,80,120,90,虫,超能力,虫之预感,察觉,心灵感应
827,偷儿狐,,40,28,28,47,52,50,恶,,逃跑,轻装,蹲守
828,狐大盗,,70,58,58,87,92,90,恶,,逃跑,轻装,蹲守
829,幼棉棉,,40,40,60,40,60,10,草,,棉絮,再生力,孢子
830,白蓬蓬,,60,50,90,80,120,60,草,,棉絮,再生力,孢子
831,毛辫羊,,42,40,55,40,45,48,一般,,毛茸茸,逃跑,防弹
832,毛毛角羊,,72,80,100,60,90,88,一般,,毛茸茸,不屈之心,防弹
833,咬咬龟,,50,64,50,38,38,44,水,,强壮之颚,硬壳盔甲,悠游自如
834,暴噬龟,,90,115,90,48,68,74,水,岩石,强壮之颚,硬壳盔甲,悠游自如
835,来电汪,,59,45,50,40,50,26,电,,捡球,the same,胆怯
836,逐电犬,,69,90,60,90,60,121,电,,强壮之颚,the same,好胜
837,小炭仔,,30,40,50,40,50,30,岩石,,蒸汽机,耐热,引火
838,大炭车,,80,60,90,60,70,50,岩石,火,蒸汽机,火焰之躯,引火
839,巨炭山,,110,80,120,80,90,30,岩石,火,蒸汽机,火焰之躯,引火
840,啃果虫,,40,40,80,40,40,20,草,龙,熟成,贪吃鬼,防弹
841,苹裹龙,,70,110,80,95,60,70,草,龙,熟成,贪吃鬼,活力
842,丰蜜龙,,110,85,80,100,80,30,草,龙,熟成,贪吃鬼,厚脂肪
843,沙包蛇,,52,57,75,35,50,46,地面,,吐沙,蜕皮,沙隐
844,沙螺蟒,,72,107,125,65,70,71,地面,,吐沙,蜕皮,沙隐
845,古月鸟,,70,85,55,85,95,85,飞行,水,一口导弹,the same,the same
846,刺梭鱼,,41,63,40,40,30,66,水,,悠游自如,the same,螺旋尾鳍
847,戽斗尖梭,,61,123,60,60,50,136,水,,悠游自如,the same,螺旋尾鳍
848,毒电婴,,40,38,35,54,35,40,电,毒,胆怯,静电,笨拙
849,颤弦蝾螈,,75,98,70,114,70,75,电,毒,庞克摇滚,正电,技术高手
850,烧火蚣,,50,65,45,50,50,45,火,虫,引火,白色烟雾,火焰之躯
851,焚焰蚣,,100,115,65,90,90,65,火,虫,引火,白色烟雾,火焰之躯
852,拳拳蛸,,50,68,60,50,50,32,格斗,,柔软,the same,技术高手
853,八爪武师,,80,118,90,70,80,42,格斗,,柔软,the same,技术高手
854,来悲茶,,40,45,45,74,54,50,幽灵,,碎裂铠甲,the same,诅咒之躯
855,怖思壶,,60,65,65,134,114,70,幽灵,,碎裂铠甲,the same,诅咒之躯
856,迷布莉姆,,42,30,45,56,53,39,超能力,,治愈之心,危险预知,魔法镜
857,提布莉姆,,57,40,65,86,73,49,超能力,,治愈之心,危险预知,魔法镜
858,布莉姆温,,57,90,95,136,103,29,超能力,妖精,治愈之心,危险预知,魔法镜
859,捣蛋小妖,,45,45,30,55,40,50,恶,妖精,恶作剧之心,察觉,顺手牵羊
860,诈唬魔,,65,60,45,75,55,70,恶,妖精,恶作剧之心,察觉,顺手牵羊
861,长毛巨魔,,95,120,65,95,75,60,恶,妖精,恶作剧之心,察觉,顺手牵羊
862,堵拦熊,,93,90,101,60,81,95,恶,一般,舍身,毅力,不服输
863,喵头目,,70,110,100,50,60,50,钢,,战斗盔甲,硬爪,钢之意志
864,魔灵珊瑚,,60,95,50,145,130,30,幽灵,,碎裂铠甲,the same,灭亡之躯
865,葱游兵,,62,135,95,68,82,65,格斗,,不屈之心,the same,胆量
866,踏冰人偶,,80,85,75,110,100,70,冰,超能力,蹒跚,除障,冰冻之躯
867,死神板,,58,95,145,50,105,30,地面,幽灵,游魂,the same,the same
868,小仙奶,,45,40,40,50,61,34,妖精,,甜幕,the same,芳香幕
869,霜奶仙,,65,60,75,110,121,64,妖精,,甜幕,the same,芳香幕
870,列阵兵,,65,100,100,70,60,75,格斗,,战斗盔甲,the same,不服输
871,啪嚓海胆,,48,101,95,91,85,15,电,,避雷针,the same,电气制造者
872,雪吞虫,,30,25,35,45,30,20,冰,虫,鳞粉,the same,冰鳞粉
873,雪绒蛾,,70,65,60,125,90,65,冰,虫,鳞粉,the same,冰鳞粉
874,巨石丁,,100,125,135,20,20,70,岩石,,能量点,the same,the same
875,冰砌鹅,结冻头,75,80,110,65,90,50,冰,,结冻头,the same,the same
875,冰砌鹅,解冻头,75,80,70,65,50,130,冰,,结冻头,the same,the same
876,爱管侍,雌性,70,55,65,95,105,85,超能力,一般,我行我素,同步,精神制造者
876,爱管侍,雄性,60,65,55,105,95,95,超能力,一般,精神力,同步,精神制造者
877,莫鲁贝可,,58,95,58,70,58,97,电,恶,饱了又饿,the same,the same
878,铜象,,72,80,49,40,49,40,钢,,强行,the same,重金属
879,大王铜象,,122,130,69,80,69,30,钢,,强行,the same,重金属
880,雷鸟龙,,90,100,90,80,70,75,电,龙,蓄电,活力,拨沙
881,雷鸟海兽,,90,100,90,90,80,55,电,冰,蓄电,静电,拨雪
882,鳃鱼龙,,90,90,100,70,80,75,水,龙,储水,强壮之颚,拨沙
883,鳃鱼海兽,,90,90,100,80,90,55,水,冰,储水,冰冻之躯,拨雪
884,铝钢龙,,70,95,115,120,50,85,钢,龙,轻金属,重金属,坚毅
885,多龙梅西亚,,28,60,30,40,30,82,龙,幽灵,恒净之躯,穿透,诅咒之躯
886,多龙奇,,68,80,50,60,50,102,龙,幽灵,恒净之躯,穿透,诅咒之躯
887,多龙巴鲁托,,88,120,75,100,75,142,龙,幽灵,恒净之躯,穿透,诅咒之躯
888,苍响,,92,130,115,80,115,138,妖精,,不挠之剑,the same,the same
888,苍响,剑之王,92,170,115,80,115,148,妖精,,不挠之剑,the same,the same
889,藏玛然特,,92,130,115,80,115,138,格斗,,不屈之盾,the same,the same
889,藏玛然特,盾之王,92,130,145,80,145,128,格斗,,不屈之盾,the same,the same
890,无极汰那,,140,85,95,145,95,130,毒,龙,压迫感,the same,the same
890,无极汰那,无极巨化,255,115,250,125,250,130,毒,龙,压迫感,the same,the same
891,熊徒弟,,60,90,60,53,50,72,格斗,,精神力,the same,the same
892,武道熊师,一击流,100,130,100,63,60,97,格斗,恶,无形拳,the same,the same
892,武道熊师,连击流,100,130,100,63,60,97,格斗,水,无形拳,the same,the same
893,萨戮德,,105,120,105,70,95,105,恶,草,叶子防守,the same,the same
